-0.98524,NaN,0.023093,2.8366,0.92569,1.2029,NaN,0.80545,NaN,NaN,1
NaN,NaN,-1.4368,0.34954,-2.5267,0.48619,-0.74455,-1.3874,-1.481,NaN,2
-0.23501,-0.93988,NaN,3.97,NaN,0.26767,0.30294,-8.0767,NaN,NaN,0
1.4293,-4.9902,-2.3132,1.3452,NaN,0.11684,NaN,1.5026,NaN,NaN,2
NaN,2.3133,NaN,0.71476,2.0938,-2.7741,0.90258,3.7916,0.076786,-0.87476,2
0.76976,NaN,0.60746,2.3021,0.86668,-1.2727,-0.46611,-2.834,-0.4093,0.63509,1
-5.744,-1.5753,2.0958,-3.6788,-5.021,-0.21957,-1.8801,-2.5106,0.48345,-0.50173,0
-3.5988,-0.10869,-0.97806,-1.7448,-0.70729,1.3862,-3.6533,0.51413,NaN,0.4571,2
-0.91247,NaN,-0.82566,0.78724,-0.092525,0.61978,1.0921,0.57743,2.2612,-1.1538,2
NaN,0.3761,NaN,-2.1576,NaN,-2.5795,-2.4965,-5.5172,-1.7686,NaN,0
3.1159,NaN,1.8749,-0.10858,NaN,3.8046,-0.6072,3.3425,1.7823,-0.12052,1
-3.0796,-0.82447,0.8587,-1.5417,0.42062,1.5974,NaN,0.36979,-0.53088,1.2107,2
-0.41351,NaN,0.82726,-2.2277,-0.38794,NaN,0.42564,-0.68733,NaN,-2.1107,2
-1.7473,-0.78721,-0.16071,-1.0411,-1.1869,NaN,-2.1587,-1.1749,NaN,NaN,0
-1.6181,-0.59387,-0.19273,NaN,-0.78475,2.645,-3.2616,-1.3498,-0.35347,1.6605,0
0.33271,NaN,NaN,0.65466,0.40331,NaN,-2.7145,NaN,2.163,-0.49753,2
0.72049,-2.5454,-1.3633,0.33865,1.9501,2.0013,-1.5734,-3.3232,NaN,NaN,0
NaN,-3.7384,-1.5873,NaN,1.0691,0.22222,-0.34,-6.3146,-1.3479,0.68625,1
NaN,-5.6469,1.1547,2.0882,NaN,0.75116,-2.4348,-7.8745,NaN,3.3375,0
-0.35611,0.79445,NaN,2.608,-0.0167,-0.6481,NaN,-0.66195,-0.469,-2.3047,1
-0.36724,-1.4685,0.34155,NaN,0.59469,NaN,-2.4667,-0.34022,-3.5354,-1.1673,2
-0.11466,2.9984,1.125,-0.21514,-2.4839,-1.8127,NaN,1.9506,NaN,0.039388,0
-4.2244,6.887,NaN,1.0356,0.46314,-1.5078,2.0616,NaN,6.0004,-0.78956,0
2.6332,-1.9876,1.4192,1.5753,0.88365,NaN,1.1639,-0.22607,NaN,-2.7174,1
2.8531,0.6763,-0.1666,1.6957,-1.9241,NaN,-2.64,-2.2745,-0.45465,0.1135,1
NaN,-0.17988,-0.92612,2.0461,-3.6185,NaN,1.4503,-5.0593,NaN,-2.4843,2
-1.0106,0.023906,1.2651,1.8484,-0.13018,-1.7824,1.6226,-4.0026,-1.4835,0.37502,1
3.6726,NaN,-3.299,NaN,2.3082,NaN,1.0803,NaN,0.37196,-3.9434,2
-0.71688,-0.19426,NaN,-1.0851,0.011275,2.1746,-2.6477,1.7014,-0.045094,0.00094179,1
NaN,-0.60167,-0.13995,NaN,1.0264,3.124,-1.9492,0.63397,-3.5235,0.30775,2
NaN,-1.1595,0.38289,-0.058481,-2.6717,0.90445,-1.782,-3.3209,-0.45765,0.18908,0
-4.3938,4.052,NaN,NaN,0.021888,2.4345,NaN,4.5412,4.4876,-0.19872,0
-0.75529,-1.4146,0.71429,NaN,-0.13559,NaN,NaN,-0.016834,-0.40906,-1.0314,2
NaN,NaN,-2.0075,4.163,NaN,0.74142,0.10627,-10.301,-2.9806,NaN,0
-0.88823,-0.65282,NaN,-3.6971,-1.876,2.4004,-1.3511,4.2028,NaN,NaN,1
0.026684,NaN,2.8624,-1.3739,0.45324,0.42067,NaN,-0.91027,NaN,-0.20886,2
NaN,0.88874,3.316,NaN,0.29194,NaN,1.6924,-2.9344,1.1835,2.5791,0
0.42935,-0.66748,3.8217,1.9864,-0.20984,-0.088245,2.3173,-5.6341,0.60641,NaN,0
-0.26261,0.57231,1.7976,-1.1314,-1.045,-1.6355,-0.063735,-0.93238,-0.5946,-0.0033927,0
-4.2606,-0.81491,1.9916,-4.0084,2.1031,-2.8087,NaN,3.3959,NaN,-0.36777,2
2.2505,NaN,2.5706,1.1909,-1.223,-0.39545,-0.35851,-3.8783,-2.5577,NaN,2
NaN,-0.81512,-0.94727,NaN,1.8553,-1.5456,0.4446,4.5828,2.325,-2.4752,2
1.6874,2.7647,-1.3775,1.6897,NaN,NaN,3.2214,1.7974,0.1224,-0.93816,2
-1.4399,2.6106,2.0094,1.0373,0.053,NaN,-0.31048,-1.8955,-2.6032,NaN,1
-2.4047,-0.22087,NaN,3.0401,-2.6316,-0.37261,NaN,-6.8751,NaN,0.39583,0
0.71728,-1.2115,1.7599,-0.45009,1.8781,NaN,3.392,-1.1022,-0.42793,0.64818,0
0.76984,NaN,1.0458,NaN,1.3489,0.65078,-2.9882,0.95719,1.9295,0.54873,1
2.987,NaN,0.71288,-1.1596,0.49081,-2.0836,NaN,3.9668,NaN,-0.55594,1
-0.28565,-0.080455,0.91224,0.77143,-0.85951,-1.8823,2.0821,-2.9934,0.1391,0.76023,0
2.9553,-1.337,1.3203,NaN,3.0257,0.66272,-2.7478,0.81437,1.5426,NaN,1
-1.7152,NaN,-1.754,1.7705,-1.6426,NaN,-1.7985,-2.698,1.672,1.3413,0
-1.8342,-1.9166,0.24341,-4.0449,-2.6364,-0.47305,NaN,-0.45769,-0.84208,-2.5823,2
-0.95568,-2.2959,-3.0853,NaN,-1.8976,-2.7025,NaN,-2.9951,-0.71352,0.64194,1
1.2342,-0.6104,0.47555,0.60353,-1.4663,4.8665,NaN,-4.039,NaN,-0.74805,2
-2.063,-1.4086,0.073346,0.051364,NaN,0.25185,0.40288,-4.4148,NaN,-1.2566,0
-1.4786,0.83244,-0.97155,NaN,-1.538,0.0099224,-0.088455,0.92508,-0.30024,-0.41037,0
0.14399,-0.93826,-0.95812,NaN,3.1311,1.1709,NaN,-0.55744,NaN,0.48463,1
-0.85766,NaN,-0.99791,-3.7298,-1.9373,0.69456,-2.8689,-1.6624,-5.5979,-2.6874,2
1.7005,NaN,0.9995,-1.024,-0.47526,NaN,-1.3078,-2.0961,-1.0006,0.3163,1
-0.19632,NaN,5.6631,-0.95766,-2.8908,NaN,-0.93966,-4.3808,-0.19021,2.6583,0
2.4635,0.53022,0.87219,NaN,-3.0147,-1.0287,-1.8251,-7.6783,-3.3065,0.098796,1
-2.0226,-1.2022,0.76048,NaN,-1.6604,1.726,-1.2826,-0.14015,-2.8434,-3.2132,2
1.2975,-0.91155,0.22,0.95083,NaN,0.092874,1.4766,-1.6169,-0.39638,NaN,1
-5.2031,-1.3593,2.7024,-1.1338,NaN,1.0167,-0.95252,1.5504,3.1201,-3.0859,2
-1.303,NaN,0.62127,NaN,0.81251,NaN,3.1307,0.35395,0.83535,0.62775,0
-1.8117,2.7786,1.4356,0.47858,-0.17749,-0.83907,0.44283,1.8842,NaN,0.58027,0
-6.2978,6.3036,1.8066,-0.74117,-4.6785,-3.0736,-2.7343,1.1125,1.1331,0.4119,0
-1.7355,-3.0191,-4.9923,2.8388,-3.9628,NaN,0.26298,-8.8222,-3.2473,NaN,0
-0.10251,-0.69525,-0.57271,2.3015,0.76737,0.37984,0.19984,-0.47924,0.60886,-0.21768,1
NaN,-1.3114,NaN,-0.084175,NaN,-1.1595,-2.7894,1.39,NaN,1.0214,2
NaN,-2.3874,-2.0849,3.5562,-2.5241,-0.2278,0.20694,-8.4624,-0.018312,2.913,0
NaN,NaN,-2.3229,-0.20562,NaN,0.38803,-1.2647,0.63634,NaN,-2.1779,2
2.9419,NaN,0.8188,1.2052,0.17392,NaN,-0.090733,-2.1296,0.17014,0.3067,1
-0.062225,NaN,3.4498,0.097602,-2.0599,0.32747,-2.2557,-0.054763,NaN,-1.7624,1
-0.31427,-1.4213,0.7261,1.0751,NaN,1.7568,0.20491,-2.4539,-0.43784,NaN,0
1.288,-0.12978,1.1131,3.9889,-0.86806,NaN,-0.68158,NaN,0.12545,-1.7525,1
NaN,-0.14643,3.6529,1.6172,-2.4634,NaN,1.9129,-0.89213,2.707,NaN,2
1.9473,-3.2587,NaN,1.407,0.18998,-1.4048,0.37928,0.36419,NaN,-1.9976,2
2.4731,-2.4673,0.080482,NaN,4.5609,-1.3326,NaN,4.2164,NaN,NaN,2
1.3558,0.63366,-3.8283,4.5955,-0.37387,-0.25218,NaN,0.18251,2.2014,NaN,2
2.225,3.3169,3.9336,-0.66978,NaN,-4.9426,NaN,4.1443,NaN,-1.6525,1
-0.11916,0.38703,NaN,0.013466,-2.4254,1.667,-0.37725,NaN,-3.0404,-1.5505,2
NaN,0.8361,-0.54553,-0.53543,-3.5741,2.8325,0.84649,-1.8162,-1.2197,NaN,2
1.0069,NaN,-1.227,2.7576,-0.062096,0.79054,0.61674,-3.5987,-0.32248,NaN,1
-0.26774,-2.0026,-0.045878,3.4334,-2.3357,-3.9906,0.02445,-7.2602,NaN,-1.6766,1
0.39923,NaN,2.027,1.6737,-2.1951,NaN,-0.16136,-2.0862,-0.47896,-0.88839,1
2.5408,NaN,1.3294,5.4591,NaN,-5.5991,NaN,-2.4252,0.25001,-2.2085,1
1.2669,0.84603,3.2626,5.3401,-0.19971,-4.4446,0.70589,-8.2273,NaN,-1.4604,1
-2.4197,-2.3211,0.53886,-0.2537,-0.58304,-0.29788,-0.90213,-2.5854,-0.94003,-0.080837,0
0.70928,-0.4784,-1.2407,-0.28006,NaN,-2.5197,-1.9008,-5.0764,-2.4128,NaN,1
2.4492,NaN,2.377,NaN,-1.3955,-1.9193,-0.80743,-2.9913,-1.1982,-3.9799,1
-4.1096,0.61874,NaN,1.3894,-1.7905,1.137,-0.45511,0.13885,1.9719,-1.1486,2
NaN,-3.0904,2.1381,-6.0519,1.0719,-1.2796,-4.245,7.2342,2.1376,-1.677,2
1.3046,2.0143,NaN,4.7235,-1.407,NaN,0.42959,-3.2629,-1.8802,-3.2543,1
-2.1289,0.080372,NaN,0.11256,-3.6303,NaN,1.0937,-2.6995,-0.51094,-2.2165,2
-4.9488,NaN,4.7257,3.1614,-4.4528,NaN,0.59607,-9.5056,0.35553,4.466,0
-1.9012,-2.4008,-0.049882,NaN,-2.333,3.2296,-4.1759,NaN,-0.33089,1.1642,0
NaN,-0.42162,1.1821,2.9105,NaN,-0.075255,1.0977,-4.3276,0.89567,NaN,0
-0.66647,-0.039132,1.4799,0.79237,1.6023,1.4711,-1.2144,1.2512,NaN,2.5925,1
NaN,NaN,0.33053,1.2584,NaN,-0.047087,2.4069,0.56607,2.1626,NaN,0
-0.19451,-1.6172,-0.67907,-2.5363,0.26343,1.2764,-3.8884,3.6253,2.9408,1.976,0
-2.4604,4.0306,0.14997,0.70631,-0.91126,NaN,-0.47672,NaN,2.6604,-0.067015,0
-0.045081,-0.1609,-1.1752,NaN,1.0765,NaN,2.7675,-0.54003,2.1908,0.60948,0
-1.4689,-1.4843,NaN,-4.1634,-1.6658,NaN,-1.2981,NaN,-3.4381,-1.994,2
2.3833,NaN,NaN,NaN,-1.1352,NaN,-1.3579,-0.67824,-0.2241,-2.7809,1
-2.1712,0.28899,-3.3356,NaN,-4.4511,2.9111,-1.2776,-2.9472,NaN,-0.51782,2
-3.9798,-1.0104,-1.4092,1.1952,-5.0403,-1.8327,-0.3575,-4.995,NaN,NaN,0
NaN,-2.5077,1.3189,-1.3578,NaN,-0.066566,-3.3094,1.7624,NaN,NaN,2
-0.26038,-0.28302,NaN,-1.1911,0.1334,-3.7067,3.1981,-2.3424,0.013313,1.4737,0
1.686,-1.9232,4.3413,2.041,-1.6957,NaN,-0.43005,NaN,0.63803,-0.54291,2
-1.3164,-0.67259,NaN,2.7211,-3.599,-0.48913,1.0956,-8.0867,-1.3249,1.8206,0
NaN,NaN,0.069769,3.377,NaN,NaN,1.891,0.94432,1.0105,2.3637,1
1.876,NaN,1.1868,2.1703,NaN,-0.32867,-1.0239,-0.96108,0.12757,NaN,1
0.51017,-1.6351,-1.0222,3.3222,1.0473,NaN,-1.5771,NaN,-0.59125,0.51579,0
0.50176,4.4992,NaN,-2.3856,-1.8144,3.3198,NaN,3.5668,NaN,-1.4036,1
2.533,-2.8494,-2.0572,-0.40608,2.1475,NaN,-1.8277,NaN,0.93405,-4.4675,2
NaN,0.037141,-0.29346,0.99744,-2.1657,NaN,-1.3122,-2.9265,0.14882,1.2194,0
-2.2556,-0.66416,NaN,-3.0884,NaN,-0.82423,-2.2811,0.61402,-1.0873,NaN,0
1.2286,NaN,2.6599,-0.97735,0.62829,-1.3824,-4.2918,6.2247,0.12597,-3.1341,1
1.7915,0.074979,2.5073,1.0684,-1.0982,2.3553,0.82726,-4.6622,NaN,0.032556,2
-2.1257,0.77946,NaN,NaN,-3.4133,NaN,-1.821,-4.403,-1.9757,0.82028,0
1.3531,-1.6526,-0.1399,NaN,-1.2011,1.5915,NaN,-3.2193,NaN,-1.1007,2
3.6169,-3.5043,1.2504,-2.9591,-3.7075,1.2026,-2.2283,-5.2029,-6.2797,-5.0178,2
0.73911,NaN,3.4686,3.0038,2.5831,NaN,-0.51651,-1.0064,-3.2987,-0.1496,1
0.86389,NaN,2.2342,NaN,-1.9986,-0.12076,0.80928,NaN,-2.4228,-2.4513,1
3.0679,NaN,0.091217,0.76625,0.4133,-1.4602,NaN,2.8979,NaN,-1.0096,0
1.8346,-2.0394,-1.0707,1.9596,3.0272,-2.8357,NaN,0.77959,0.32542,-1.017,2
-0.74814,2.7318,-5.1336,4.5488,NaN,-3.0432,3.9463,-4.4195,-2.3973,NaN,0
NaN,NaN,-1.6189,-0.36595,-1.1228,NaN,-2.6824,-1.5603,-1.6138,1.1911,0
-0.15028,NaN,3.9584,1.9358,-2.1601,-1.9361,NaN,-9.0852,0.061411,3.654,0
-1.3332,-0.73709,-0.12331,-1.0607,NaN,0.63562,0.1486,-3.5867,NaN,-2.2703,2
-3.4086,3.7725,-1.9251,0.19007,2.0529,-2.7881,NaN,NaN,NaN,-1.2554,0
2.3122,-3.9248,-2.9115,1.5736,-7.837,2.1787,NaN,-9.8549,NaN,NaN,1
NaN,-3.2767,1.4568,-0.4724,-1.1114,0.44484,-1.8773,-2.8285,-0.31635,-0.12733,1
-0.89344,-2.1301,-2.4799,2.1662,-0.79352,-0.50729,-0.040953,-6.3595,-2.634,NaN,0
1.8805,NaN,1.1776,NaN,-2.3873,-0.22807,NaN,-2.3603,-3.0063,0.6781,1
0.63267,0.75749,-3.0459,1.8469,0.25968,-1.4356,0.93279,0.73083,0.40199,-0.8675,0
-0.065972,-0.82618,3.3756,0.5545,NaN,-0.14446,-1.76,2.6009,NaN,-2.1418,1
1.0435,1.6953,NaN,NaN,-1.2783,NaN,-0.45972,6.14,NaN,-7.4756,1
3.5325,-0.53037,3.3274,4.4011,NaN,NaN,-0.47367,-1.1847,-0.8747,NaN,1
-1.6633,-1.122,NaN,0.69415,-2.5741,-1.2319,-0.92325,-2.9538,-1.8859,-2.2852,0
0.80482,-1.4308,5.1348,1.1063,NaN,1.0054,NaN,-8.6767,-0.12539,NaN,0
-1.8606,NaN,NaN,NaN,-0.45027,NaN,-1.6597,NaN,5.2244,0.43719,1
0.0072258,NaN,0.80759,3.8702,2.2933,-1.5115,NaN,0.95292,NaN,-0.89273,2
NaN,NaN,-0.15937,2.5896,-3.793,0.76582,-1.1195,-8.2943,-0.39264,1.3638,0
-1.3771,-1.3033,2.1503,0.61112,NaN,0.24881,NaN,0.15467,NaN,0.26511,1
-1.983,-3.1891,NaN,NaN,-2.4211,NaN,-2.132,NaN,0.21702,6.5452,0
-0.47277,-0.68497,1.5991,-0.5264,-1.6959,1.3356,0.54589,-2.4435,-0.19433,0.10755,2
4.0422,2.5832,0.62007,3.2715,7.133,NaN,NaN,NaN,2.589,NaN,2
NaN,-4.0406,1.3215,1.2778,NaN,2.2781,-3.4794,-3.4203,0.61425,NaN,1
NaN,0.067669,-0.6488,0.59619,1.5197,NaN,1.9675,1.9842,0.013939,-2.2461,2
-0.84609,-0.95036,0.28987,-0.062006,1.1306,0.043899,0.98803,-1.9589,-0.75306,1.8274,1
1.0006,0.26096,NaN,NaN,2.67,NaN,-0.35667,3.5097,1.9637,-3.9608,1
2.3417,-0.95001,0.054747,2.2296,NaN,-2.0103,-1.4923,-4.4775,-1.5192,-1.5344,1
1.8196,NaN,-0.76406,1.9896,2.7001,NaN,0.85524,0.26866,0.70817,NaN,1
-2.2177,-1.3674,0.41367,0.50243,-1.7403,0.65337,-0.3434,-4.0575,-0.10916,1.3782,0
-0.98061,-0.81889,-0.31015,2.5062,0.21609,NaN,NaN,-3.8278,NaN,0.67751,0
-0.85708,0.52525,-0.60453,-2.27,-0.28087,1.2698,NaN,1.31,0.6974,NaN,0
0.72492,0.80751,3.8847,4.1725,-1.7492,NaN,-0.38363,-3.1122,-0.74684,NaN,1
4.7672,-0.97939,1.0277,NaN,-1.6973,NaN,-0.40847,-8.1197,-2.8601,0.60761,1
NaN,NaN,1.2736,0.30879,NaN,NaN,0.35915,-5.1693,-3.1788,-3.2815,2
1.2066,-1.4099,-1.3734,NaN,0.066288,NaN,-0.4954,0.10131,-1.299,-0.29225,2
-0.096105,3.9176,2.4375,0.35752,0.33951,2.4991,-2.3782,9.1494,1.6837,NaN,1
-1.621,1.3851,-2.468,3.0629,-1.5711,NaN,1.0896,-0.46109,2.6633,0.26651,0
NaN,-1.0648,2.3103,2.5103,3.8108,2.222,-2.7585,3.3088,NaN,NaN,1
0.067779,1.0505,NaN,-0.15446,-3.8249,-2.3766,0.46951,NaN,0.55057,2.4968,0
NaN,-0.91875,NaN,0.57133,1.9581,1.0004,-3.8211,1.2038,NaN,NaN,1
0.16668,-0.87167,2.0457,0.55628,-0.77486,-0.34959,-1.0929,-2.0879,0.75085,1.1872,1
NaN,2.5477,-0.6542,1.2381,-0.734,-0.28599,1.5087,1.6759,2.3347,0.23297,0
-4.3116,-0.15759,-0.52813,NaN,-2.8475,-0.4745,-0.71533,0.35923,-0.13825,-3.2203,2
-0.28454,-0.41254,-2.1791,3.1232,-1.5839,NaN,0.16894,-7.8836,-1.9948,NaN,0
-0.0033504,-0.83916,5.0615,1.4303,0.1716,-1.3005,1.9312,-6.1325,-0.42748,NaN,0
1.1805,NaN,1.1792,-0.20161,NaN,-1.4428,-2.3745,8.8864,NaN,-2.9838,1
0.93572,0.50774,0.39659,3.0858,-0.97507,-0.73352,0.99939,-0.61578,-0.67997,NaN,1
0.87486,-4.9323,2.413,1.3416,4.272,-2.6053,NaN,1.6796,1.1581,NaN,2
2.7824,-2.4002,NaN,-0.77466,-0.55122,1.7438,-3.1844,1.4112,NaN,-1.254,1
-2.7625,NaN,1.6841,-1.4212,-0.41393,-0.0067887,-0.83208,-1.7952,0.99733,2.1069,0
-0.74657,-1.1379,2.2947,-1.0327,2.447,1.0904,-0.053151,0.58931,-0.46203,1.2883,2
-2.5005,1.6047,3.7175,-0.6665,-1.5772,-2.2076,0.069647,-2.6085,-0.68696,1.2143,0
-0.51281,-0.76738,2.3519,NaN,-0.32988,NaN,-0.41034,-1.4204,0.57709,0.74165,2
-2.2683,0.037182,-2.1848,NaN,-4.4922,0.025896,NaN,-7.566,-0.99661,-0.79774,0
-2.2263,-1.0145,NaN,NaN,-0.21765,NaN,1.4102,NaN,-1.172,2.0365,0
0.74145,-0.75339,1.9393,3.1208,1.6053,NaN,-2.7153,NaN,0.74351,-4.1428,1
0.63929,-2.0326,0.40133,NaN,1.3562,1.2379,-2.9361,0.27372,1.7511,0.893,1
-0.70151,NaN,NaN,1.9663,-0.55809,0.9912,-0.15011,0.5431,NaN,0.43399,0
2.5686,2.9086,NaN,3.2717,-2.7971,-0.71189,NaN,1.0589,NaN,-2.1794,2
NaN,-1.3962,-0.50334,1.4145,NaN,NaN,0.85522,-6.4924,-2.7754,NaN,2
NaN,NaN,-0.94431,4.0695,-1.0642,1.9367,-0.43263,-8.091,-2.4139,NaN,0
1.4838,-3.2802,NaN,-0.97361,NaN,-1.9338,0.89764,-1.8507,-0.29839,-1.7183,2
-0.92524,0.89096,2.0045,0.13382,2.8723,NaN,NaN,1.9384,NaN,0.3231,0
2.9655,-0.64191,0.3759,2.6559,NaN,1.939,-1.444,0.90899,2.2998,0.5401,1
5.1173,-2.03,-6.4067,NaN,0.10478,-1.3758,-2.6003,4.5261,-0.27401,NaN,2
NaN,-0.76866,0.77271,-5.5958,1.5854,-1.5418,-2.6211,3.8639,NaN,-1.2978,2
-4.4121,5.011,0.6912,-1.1288,-2.2764,-2.111,-0.5414,3.6236,NaN,0.15624,0
-1.7582,-4.1256,1.9876,0.75375,0.5097,0.85268,NaN,NaN,1.187,NaN,0
0.62115,NaN,2.4909,1.1031,-2.414,3.2188,-2.6523,3.5641,-0.10218,-5.1091,1
-1.7294,-1.2335,1.0658,NaN,1.3985,NaN,NaN,-4.9349,0.628,2.2434,0
-0.1227,-0.6933,2.3056,0.78647,-2.4627,0.70519,1.2021,-3.9925,1.1451,0.94093,2
0.97266,NaN,1.2334,1.2163,0.78381,-1.4857,-0.65943,-3.8748,-1.515,0.3488,1
-0.13644,0.028148,3.5812,0.077857,1.2806,NaN,NaN,3.0681,3.1695,1.3137,1
0.88114,-1.09,3.655,-0.63968,NaN,1.1439,-1.4812,1.028,1.5127,-0.75608,1
-0.19582,3.6356,1.5272,-1.8257,1.3941,0.15347,-1.4146,7.8494,NaN,-1.579,1
-1.4673,3.4847,1.0934,2.1394,NaN,-0.099903,NaN,-1.4362,NaN,NaN,0
3.5919,-1.5719,0.34359,2.6079,4.164,NaN,-1.51,NaN,0.38095,5.9468,1
-3.579,NaN,5.3686,0.77347,NaN,-0.89253,3.3418,-7.1911,NaN,4.5183,0
1.5251,NaN,-2.8465,1.4361,-1.3528,-1.6204,1.9489,-1.9851,0.9923,-1.3601,2
-2.6834,-0.73314,1.4875,-0.42316,-0.42766,NaN,-1.0848,0.26802,0.2192,-0.6324,2
2.1224,-2.2749,0.84728,1.8856,1.1801,3.4156,-1.0141,0.6002,1.7845,-0.2221,1
-0.536,-3.0416,2.4221,-3.5701,2.9831,4.6266,NaN,-0.91799,0.44122,7.6079,0
2.1835,-2.4048,-3.4036,0.46846,-1.4352,NaN,1.3992,-2.1004,-0.53734,-2.1082,2
-0.86497,-2.7263,2.7565,-3.0057,NaN,0.048378,0.41448,-1.0159,-2.1009,-4.0663,2
-0.23686,NaN,1.5399,2.6889,NaN,-1.5957,NaN,0.98168,NaN,2.034,2
1.3198,-0.39665,0.48526,1.585,-2.3048,-1.9176,-0.7299,NaN,-1.6008,0.49697,1
NaN,3.344,NaN,0.51782,-2.2201,2.4726,-2.6463,0.94735,-1.8588,NaN,1
1.5697,2.9506,5.9222,4.0889,1.3452,-1.9219,-1.5009,-0.53281,NaN,NaN,1
-1.5004,-0.92635,-1.0754,2.3887,-1.4949,NaN,0.35207,-6.2708,-0.74751,NaN,0
1.2192,1.5601,0.066203,-0.42754,2.451,-1.9375,NaN,NaN,NaN,-1.3477,2
-1.356,NaN,-0.50356,3.6833,0.14027,-0.36771,4.6826,-3.0576,2.5302,1.9306,0
NaN,NaN,1.4315,-0.86459,NaN,2.6888,-2.8294,-3.5124,-0.34723,5.086,0
NaN,-0.045882,0.046591,5.6644,NaN,-1.2803,3.9404,0.94312,NaN,NaN,2
2.6031,-1.9147,NaN,-2.1494,-1.4841,-1.7943,-3.929,NaN,1.9154,-3.6802,1
-0.18652,-0.84711,3.0089,1.4914,-1.4978,1.4051,-0.89396,-2.3194,-0.54087,NaN,2
-3.7896,-0.11969,-0.32718,1.3968,-6.1824,0.53093,-1.9443,-2.3159,0.61703,NaN,2
2.9664,NaN,-3.9461,-0.28688,-0.091161,-1.4702,NaN,5.1408,NaN,NaN,2
-2.8928,-0.67912,0.87543,2.6669,-4.2654,-1.8647,NaN,-9.8378,0.19752,2.8289,0
3.2955,0.51594,0.12186,1.9846,-3.3936,NaN,NaN,NaN,NaN,NaN,1
-0.29866,2.9036,1.085,-0.0060572,-3.2618,1.0614,NaN,-2.2653,-2.762,-0.46353,1
0.75392,-2.3613,-0.67057,NaN,3.4942,NaN,-0.52098,5.8029,NaN,-1.6929,2
-1.4184,0.5887,1.5028,2.6081,-5.4591,2.0522,-0.49772,-7.759,1.1385,2.6269,0
2.5412,-1.4328,2.0473,1.3213,-2.7661,NaN,NaN,-4.6834,NaN,-2.8037,2
1.6172,-0.85929,0.649,3.5821,0.8542,NaN,0.18035,-1.242,1.1144,-0.05048,1
-2.5893,-1.6586,-0.082105,1.903,-2.4191,0.060518,-0.65859,-4.6201,NaN,1.149,0
-1.2755,1.2692,0.0050985,-0.13584,NaN,-1.5747,-0.069461,-1.4507,NaN,0.48174,0
-0.87147,-1.8821,1.0074,-0.64179,-0.056945,0.11625,-0.27612,-1.429,-0.25463,0.25898,1
NaN,0.031035,0.64924,-1.1416,NaN,NaN,-3.9699,0.99701,-0.12914,NaN,2
-0.96294,0.65991,0.74724,1.3176,-2.047,NaN,-0.77276,-1.0373,-1.3461,NaN,1
-2.7116,NaN,1.1555,NaN,-1.2135,NaN,2.4947,-3.5416,-0.4605,1.2031,0
-0.29049,-1.404,0.48093,0.13765,-0.85238,-1.7863,2.7207,-2.6178,0.3657,-0.2031,2
1.4462,-2.0957,2.1036,-1.3964,3.534,NaN,NaN,0.81715,NaN,-1.0675,2
2.046,-0.11775,NaN,2.5597,-1.371,1.1187,0.47425,0.90945,1.4878,-2.3709,2
-0.38882,2.8174,2.1077,0.71808,1.0937,-3.3969,NaN,-0.10215,NaN,-0.94999,1
0.67078,0.76105,-1.0143,0.15643,-5.0339,NaN,-2.7801,-3.4559,NaN,-1.7336,1
0.82549,-2.6805,-0.46928,-0.06228,-2.0522,1.3834,-2.0612,-2.538,0.62219,0.29017,1
1.5146,1.2172,NaN,3.4701,1.9934,-1.6606,1.0934,6.9968,NaN,NaN,2
-2.3982,1.3135,NaN,NaN,0.98158,-0.37141,2.9799,1.6112,1.54,-0.057742,0
0.83308,NaN,1.4633,NaN,5.3421,NaN,3.8133,2.7098,2.3275,-0.11445,2
NaN,-0.36749,-1.5521,2.5127,NaN,2.126,-2.6286,-3.2156,2.2168,2.532,0
-2.4158,1.3671,-0.65333,-1.3262,-2.8092,1.1407,-1.6843,0.093898,-0.67714,-1.0509,1
-1.4358,-0.47949,-1.3084,-2.148,NaN,2.2479,-2.9349,-1.104,-5.097,-2.8679,2
-0.65171,-2.7208,-0.0034951,NaN,-0.0036359,-1.6921,0.33214,-3.0455,-2.0775,-0.26959,1
-1.8714,NaN,0.51089,0.74322,-2.3006,NaN,1.7601,NaN,0.17252,1.1263,0
-3.1939,-1.2362,-1.6003,-2.7534,-1.781,2.9042,NaN,0.99568,NaN,NaN,2
NaN,NaN,-0.71739,2.0575,2.1172,NaN,-3.249,2.0693,NaN,1.0087,1
-0.19353,0.31186,2.4819,-2.1682,1.0639,NaN,NaN,4.5155,2.722,0.97736,1
0.24672,-2.7337,NaN,-1.8663,2.0497,-0.95841,-0.42367,4.2616,1.667,-2.0402,2
-0.42438,NaN,1.5359,1.5341,NaN,-2.1371,-0.5387,-0.081246,-1.5131,-0.97394,1
1.3862,NaN,NaN,-2.8644,0.92894,-2.1976,-0.089022,3.0936,0.96554,0.99385,1
1.446,-1.9064,-1.3747,NaN,0.12066,-0.12172,-0.20357,2.5157,NaN,-2.0678,2
-2.4837,-0.90305,0.69494,NaN,-1.1564,-2.8968,2.9441,-7.0709,0.65035,2.5616,0
NaN,1.4454,NaN,2.4764,NaN,-2.5435,1.2587,6.4649,1.8711,NaN,2
3.356,-2.8841,1.8491,1.833,-0.42209,-0.30923,-1.3642,-3.5863,-0.42301,-0.5268,1
-3.8207,3.0692,1.7817,1.5422,-4.4573,NaN,0.52074,-4.0461,NaN,2.2152,0
1.9642,-1.916,2.2791,1.8826,1.4328,1.811,-2.4365,-1.7375,1.2588,NaN,1
-0.65366,-0.46637,-1.0596,1.1635,-2.68,NaN,-1.417,2.1219,NaN,NaN,1
-3.5488,-0.18357,0.89862,0.044498,-3.8895,NaN,NaN,-1.7376,0.63719,-1.4623,2
0.27396,0.68458,-0.80462,4.4583,1.1053,-1.5049,3.1682,2.0309,4.9715,-0.15736,2
0.85378,NaN,NaN,-0.98438,-2.1366,-1.1551,-0.72938,-3.0162,0.0072076,-0.89027,2
-4.0874,4.537,-0.71887,2.3676,-1.3885,NaN,0.60384,2.6812,NaN,0.027353,0
0.96361,-0.51225,1.9586,-0.96437,NaN,NaN,-2.322,5.0248,3.2866,0.67568,1
2.3586,0.30119,-0.40796,2.984,3.0907,-0.83221,1.567,-2.5078,-0.7949,3.2095,1
-4.4591,-3.3731,0.75682,-1.7754,-3.4235,-0.76015,-2.6552,-4.22,NaN,-3.0207,0
-2.7081,NaN,NaN,-3.443,NaN,-0.79731,NaN,0.87992,-0.16703,-2.4934,2
NaN,1.3451,4.8884,6.1666,1.4085,NaN,0.12203,-3.4091,NaN,-3.4002,1
0.090837,-2.3463,NaN,NaN,0.1777,0.41958,-0.31719,-0.7668,NaN,-0.52724,2
1.6517,1.8549,-3.979,1.8172,-0.61673,NaN,NaN,-3.3454,-3.6099,0.57254,0
0.28091,-0.8087,1.2824,1.7986,3.9019,NaN,2.3473,NaN,1.6335,0.18925,2
1.7192,-2.8534,NaN,NaN,-2.1911,NaN,-0.16933,-5.6068,-0.17431,-0.99709,1
NaN,-1.0124,-0.10018,-1.071,NaN,NaN,-2.7778,0.52683,NaN,-0.99922,2
-0.15968,1.2486,0.40847,-0.40179,NaN,-3.9058,-1.4907,5.8998,0.29232,NaN,1
-4.2059,NaN,1.2228,3.3953,NaN,-2.1518,1.1465,-2.9658,NaN,1.8458,0
5.3005,NaN,NaN,NaN,2.9825,1.081,-3.1235,0.92742,1.6823,1.9607,1
0.69478,-3.4299,-1.7655,-0.071765,-1.041,-1.9446,1.0432,-0.027705,1.6832,-2.5145,2
1.5086,-0.39296,NaN,0.089284,0.45963,-0.20095,-0.023673,3.3015,0.59713,-2.6678,2
-0.5242,2.263,-2.8298,-0.055838,NaN,0.1381,1.3085,-1.0005,NaN,-0.56595,0
5.4819,NaN,4.2573,NaN,1.1307,NaN,-3.614,4.506,-1.2146,-3.3029,1
1.3634,-5.0038,-2.7463,-0.022382,-2.2716,1.197,0.25877,-5.0314,-1.465,-1.6847,2
-0.6462,-1.5782,0.70994,-2.774,1.3291,2.5709,-0.18799,0.71625,-1.8875,-0.1196,2
-1.6512,-2.9559,-0.41371,2.6792,-0.7366,2.0217,-1.174,-8.0346,-1.0519,4.1667,0
0.83886,NaN,NaN,-0.26809,-0.2824,NaN,-1.2906,4.1297,0.98324,-2.6391,1
-0.95248,-0.082318,-2.722,0.5981,-1.8077,-1.9607,0.27806,-0.17766,0.38482,NaN,0
1.5157,-2.541,0.66162,0.30554,-0.23945,1.5062,-0.060063,-2.7362,-0.35976,0.3379,1
0.6185,-1.4643,2.0465,NaN,-3.9841,-0.20367,1.0921,NaN,-2.2126,-5.1002,2
2.0526,-1.4362,0.45766,2.7246,NaN,0.95938,0.54525,-1.5377,-0.19176,NaN,1
NaN,NaN,-2.3707,-1.4802,-3.3649,NaN,-2.3587,1.6966,0.069853,NaN,2
-2.243,NaN,2.1966,-0.28509,NaN,0.31034,0.76286,5.7415,NaN,0.63846,0
-1.782,-0.90927,-1.0765,1.526,NaN,0.45351,-0.73391,-4.2237,-0.84823,0.48124,0
NaN,-0.95201,-2.4893,2.7076,NaN,NaN,-0.24966,5.3702,2.0856,NaN,2
2.2435,NaN,-3.3811,-0.36398,0.49143,-0.092448,-0.56803,3.9465,0.53002,NaN,2
0.44188,NaN,4.3296,-1.6281,NaN,NaN,-3.0577,-0.25255,-1.0608,-0.17674,2
1.803,1.2981,-1.3307,NaN,3.8294,NaN,1.9781,5.9325,1.6584,-2.6451,2
NaN,NaN,-1.1577,0.36868,0.21082,NaN,NaN,-1.2121,-0.61116,0.65591,2
-1.7764,NaN,0.73896,0.41468,NaN,1.5871,NaN,-1.2561,NaN,1.063,0
2.3339,NaN,2.4113,NaN,0.81007,NaN,-3.9089,1.6296,2.2002,1.9128,1
-0.86004,-2.6858,-0.30431,1.7038,-0.12408,2.3028,NaN,-4.9217,0.12401,NaN,0
1.0376,-0.35636,2.9884,NaN,1.5622,1.3544,-1.6012,-0.9241,1.4403,NaN,1
-1.9078,-0.82873,5.2068,3.0059,-0.85322,0.59179,-1.0897,-1.0175,2.597,-1.0438,2
0.83282,NaN,-1.1488,NaN,1.3552,NaN,NaN,4.2098,1.7946,-2.1017,2
3.4266,1.3447,0.050482,NaN,-1.9352,NaN,-0.17065,-7.4436,NaN,-1.8085,2
1.2887,-0.25345,1.7165,1.3542,2.1865,2.1664,NaN,2.006,NaN,NaN,1
5.0055,-1.1371,NaN,3.2452,4.2727,NaN,0.37577,4.2306,NaN,-1.8404,1
-0.79806,NaN,-0.82892,-0.91639,-2.4021,-0.44161,-2.4207,0.14795,-0.56457,-0.83989,1
-2.7856,4.3138,2.2176,-3.1081,0.92243,-0.0090197,-1.5619,NaN,-0.084531,0.26238,1
NaN,NaN,-3.5599,-2.4279,-0.39222,-2.2255,-0.89306,0.90341,NaN,-3.0905,2
0.9974,-0.68484,-0.55378,-0.22207,-3.1777,NaN,NaN,-5.8258,-2.766,0.27679,1
NaN,NaN,-2.0948,3.7196,-0.52818,-3.1573,0.20375,-1.3858,1.5389,-2.0598,1
1.7242,2.033,NaN,0.64604,NaN,-3.7412,-2.0141,6.3941,1.0078,-2.6589,1
-0.29242,-2.7374,-0.12218,1.2254,0.60745,NaN,3.3204,NaN,1.0914,-1.3358,2
0.35767,2.1737,1.2236,0.9975,1.0217,-1.5095,0.85962,2.8971,2.2958,0.33593,0
-0.27901,0.22847,-0.17352,-0.83871,NaN,0.61116,0.78481,-2.7945,-0.36567,0.50496,1
-0.23906,-3.4858,-1.3782,-2.7056,NaN,0.48135,-0.58843,0.30595,-0.17521,NaN,2
0.039597,NaN,2.7217,NaN,-0.53574,-0.15553,-1.9521,3.7789,0.44741,-3.0256,1
0.73391,-0.86257,-1.1494,2.6638,1.7665,NaN,0.10018,-2.96,0.13415,3.5785,0
1.9678,NaN,1.3261,0.79391,0.41848,-3.2918,0.14825,-4.7251,NaN,2.7548,1
NaN,0.56611,NaN,3.0305,-0.57641,-1.86,2.5561,-5.068,0.82957,NaN,0
NaN,NaN,-3.4905,2.07,NaN,NaN,0.071252,-4.3216,-3.7421,-4.0619,0
-0.82732,-2.0993,-1.5294,NaN,-5.9053,NaN,NaN,-3.7288,NaN,NaN,2
NaN,-0.04458,NaN,1.3213,-1.5128,-1.0813,2.381,-5.0414,NaN,NaN,0
0.74707,NaN,3.0712,-0.5452,0.79898,-1.1519,-4.9629,NaN,-0.71191,-4.3267,1
-1.1124,NaN,NaN,-2.2078,-0.76049,2.3082,-2.1058,NaN,1.2505,-2.2864,1
-2.627,0.23126,-0.35533,0.37531,-3.3094,1.4304,NaN,-1.6269,NaN,-1.548,2
NaN,2.3731,-3.4472,1.7643,NaN,NaN,3.5805,6.5588,3.3293,-1.392,0
0.018638,4.4105,0.1225,-2.1354,0.65106,-0.24223,-1.3955,9.0311,2.0783,-2.1188,0
-1.2581,NaN,-1.1044,-0.3586,-0.66636,3.3227,3.5946,-1.6012,-2.1933,-1.011,2
NaN,0.010295,3.3233,-0.13376,-2.406,NaN,-0.85459,-1.1413,1.4545,-0.27691,2
4.3645,-1.1706,0.95964,2.0097,3.5123,-0.47584,-1.3186,-2.456,-0.72077,NaN,1
-1.2488,2.4558,2.132,-0.30527,0.22246,-1.0631,NaN,1.2373,NaN,1.5041,0
-0.52528,-0.87699,5.5664,1.5665,-0.23025,NaN,0.20801,-1.9421,1.4779,0.28158,2
2.339,-4.4814,-3.8105,-1.5371,-1.4806,0.48475,-2.3483,-0.057248,-0.42975,-2.7452,2
-3.0652,-4.0627,2.3359,-3.289,-1.0296,0.40205,NaN,3.2293,NaN,-3.2004,2
NaN,0.066937,-0.52391,2.686,NaN,2.3129,-0.4895,-4.1319,0.37958,2.713,0
1.2925,-1.7643,2.2687,-0.81201,4.8072,-2.0798,-0.26374,3.879,0.57108,0.19926,2
-1.4211,0.81143,1.16,-3.5215,-4.3299,3.3549,NaN,-1.1261,-1.3383,-0.3906,1
NaN,-0.21693,-1.2849,-0.60224,-2.3824,NaN,0.044839,-1.5989,-1.3097,-2.0017,0
NaN,1.6348,0.66849,-0.98801,0.2378,0.45028,2.2527,1.7778,0.93123,0.28257,0
0.67341,-1.5854,-1.8475,0.53355,0.32633,1.0625,-0.17745,3.0995,NaN,-1.7328,2
-0.17046,NaN,NaN,0.69734,-3.3797,-3.1945,0.065448,NaN,-0.82185,1.8879,0
0.76097,1.4539,1.0586,NaN,0.83261,-1.7401,NaN,5.9131,1.4172,NaN,1
-0.42906,-0.54588,NaN,0.16511,-0.84789,1.1797,-0.67176,-2.8869,-1.2447,0.33373,2
1.5074,-4.1969,-2.6618,0.26035,-1.5599,-0.93661,0.79676,-0.3236,NaN,-3.5908,2
4.621,-3.2288,NaN,-2.3053,3.2639,-1.3027,-3.4365,6.9789,-0.79783,-4.5164,2
-3.2749,-2.4225,1.2996,1.0411,-1.7636,-0.087165,-0.38878,-5.2027,NaN,-0.61157,0
1.911,-0.039332,2.8106,-0.70064,0.8618,0.15707,NaN,-0.39659,0.38525,0.79432,0
-2.9381,-0.020411,0.46019,3.8333,NaN,2.1728,1.1718,-9.8563,0.38836,4.7785,0
1.8476,NaN,3.7162,NaN,-1.3779,0.14033,0.77432,-3.9554,-1.6202,-1.2106,1
3.2085,-2.0088,1.1483,NaN,0.61934,NaN,NaN,0.063864,NaN,-0.052037,1
1.2532,NaN,5.0014,0.38559,1.9205,-1.9885,-1.5834,-1.71,-0.94151,0.90006,2
0.33689,-0.45146,NaN,0.0088855,0.46041,2.2792,-2.5076,1.9307,NaN,1.7919,1
-3.9053,-0.5832,2.5348,1.1254,NaN,2.7431,-1.443,-4.9389,NaN,3.6043,0
-0.0010823,0.25583,1.768,-0.1677,-1.6474,-0.73737,1.4864,NaN,0.32791,1.265,0
-0.6753,-2.0027,-1.5614,3.3307,-1.0027,1.6028,-1.3515,-6.3933,-1.5896,NaN,0
1.4056,NaN,NaN,0.78647,-2.3378,0.63164,1.0342,-2.8572,-0.70662,-1.0745,1
0.16603,NaN,-0.81093,NaN,0.80997,2.682,-0.71145,-1.1661,-0.72627,2.9771,0
2.9036,-3.443,1.6833,-2.9554,-0.50725,1.5676,NaN,-3.085,NaN,NaN,2
2.3282,-3.2503,-4.9224,1.0536,-2.2698,0.87733,NaN,-2.6436,NaN,NaN,2
-0.48528,2.6365,2.6668,-0.014677,0.4875,0.49409,-1.3062,NaN,NaN,NaN,1
0.64589,-2.0708,-3.703,1.3977,-1.3449,3.1574,-3.5417,-5.1975,-3.877,0.44006,0
NaN,-0.097615,-0.33989,0.834,1.4187,-1.6173,2.7485,3.4416,2.0292,-2.4351,2
-3.4822,NaN,NaN,0.57116,-4.4595,0.63336,-1.4317,-2.4226,1.2217,1.6774,0
NaN,NaN,2.9543,4.7387,-0.87874,NaN,-0.029051,-1.8859,-2.1855,NaN,1
6.93,0.78004,0.76841,3.165,NaN,5.0961,NaN,-8.2353,-6.9335,0.10232,2
1.9091,2.6636,-0.14724,1.3592,NaN,-2.0233,-2.844,-5.6945,NaN,-0.050851,1
NaN,-0.35189,3.6678,-0.73839,NaN,1.3587,-1.042,3.55,2.0536,NaN,1
0.60856,-2.0007,0.29662,NaN,1.245,NaN,NaN,-0.57455,NaN,3.4778,1
-0.62905,1.0921,0.8772,NaN,-1.6898,-0.44722,NaN,-0.48666,-0.85618,-0.32058,1
-0.33109,0.36716,0.8762,0.38363,-0.272,NaN,-1.0877,-2.3796,NaN,0.52909,2
NaN,0.40087,-1.2389,2.1176,NaN,2.4714,0.35503,-7.8508,-3.4132,NaN,2
-1.2869,1.008,NaN,-0.67011,-0.87755,0.18836,0.35076,0.2216,1.2012,1.5504,0
0.90682,-0.27636,NaN,1.2736,1.0037,NaN,2.0366,0.34084,1.6746,0.35497,2
4.1146,-2.2441,1.4713,NaN,3.4293,1.0979,NaN,-0.092424,0.23432,0.88726,1
2.0463,-0.92712,-0.4631,1.3137,NaN,3.4539,-0.78194,0.57446,1.7986,1.7203,1
-0.010359,4.1222,4.2646,1.037,2.5269,-1.5474,0.23415,4.6996,-0.47962,-2.1937,1
NaN,2.9705,NaN,-0.045893,-1.6731,-0.80647,-0.16462,2.0977,NaN,-0.56582,0
-0.3113,-1.2316,1.3787,-2.1481,0.38188,-0.092886,0.35315,-0.97691,NaN,-0.52154,2
-0.0031933,NaN,3.8922,-0.28789,-2.3008,0.082261,-1.0667,-1.7149,1.1937,-2.6282,2
0.36126,-0.79852,0.90811,-0.46118,0.30735,1.4582,-0.75451,2.034,NaN,NaN,1
-2.6802,3.6041,2.1897,NaN,-4.693,NaN,NaN,-3.3106,NaN,2.5,0
NaN,NaN,-0.20746,-2.2803,-0.4241,NaN,NaN,0.70493,-0.91978,-0.65813,2
0.69575,0.70399,NaN,3.5192,NaN,2.2318,0.41566,3.551,3.5291,-1.5951,2
0.90562,-0.42446,NaN,NaN,-3.0831,NaN,0.70213,-7.1279,NaN,3.164,0
3.8831,-1.5574,-2.8767,NaN,2.3735,-1.479,-1.1431,4.1793,-1.0269,NaN,2
1.3822,-0.41375,-3.8275,1.5193,-0.049409,1.31,-1.695,-2.1241,-0.25069,2.6666,0
NaN,0.61217,0.84468,1.7384,NaN,-8.0892,-2.0808,4.616,0.5708,-2.1377,1
1.3018,-2.9379,-3.0092,-1.3432,-1.3628,-0.62223,-0.53512,-0.032301,0.057221,-2.0391,0
-0.50657,NaN,-1.8476,2.7343,-0.72658,2.0124,-1.6215,-7.3705,-1.9177,NaN,0
-1.2312,NaN,0.65461,0.57372,NaN,1.2318,-2.3223,8.5527,2.8614,NaN,0
1.6383,-1.0645,-2.803,2.1502,-0.81449,-1.7398,NaN,NaN,-0.15974,NaN,2
1.7838,0.25563,-0.087865,1.8897,NaN,-2.8686,NaN,-2.7312,NaN,0.18902,0
1.9528,1.8577,0.62595,1.7729,-1.8024,NaN,-0.93861,NaN,NaN,0.29366,1
1.494,-0.80233,-2.3967,0.71944,-0.034154,NaN,1.1364,1.9792,1.4558,NaN,2
NaN,NaN,0.16977,2.3128,NaN,0.51338,-0.26054,-4.749,-1.6912,NaN,1
-0.19089,-0.17397,0.6235,0.36796,0.45642,NaN,2.9262,-3.0391,-0.021844,2.3252,2
-2.1491,1.5659,4.2198,-1.7909,-4.8197,-0.7678,-2.2469,-5.3388,NaN,1.0756,0
-0.59702,NaN,5.1095,3.2799,-1.1934,NaN,2.2398,-10.735,-0.61999,NaN,0
-0.064369,0.65686,0.79647,0.83824,1.9517,2.9249,2.3414,NaN,NaN,NaN,1
0.79791,-0.48667,4.7828,2.4655,NaN,-1.4257,-1.1751,-3.0892,1.0657,4.1543,2
NaN,-0.078507,-0.49975,1.6063,-1.8328,NaN,-0.67731,-5.0539,-4.8548,-2.1227,2
0.92915,NaN,0.057451,-1.9638,NaN,NaN,-2.2445,0.77175,-0.32526,0.36613,2
2.6867,0.49172,-2.2171,1.1766,NaN,-2.0834,0.99697,2.1533,0.07524,-1.6507,2
-3.667,-1.6109,1.6721,-2.7969,0.69883,1.018,NaN,2.5408,-0.35928,-1.0099,2
-0.11776,NaN,-3.3999,4.4064,-2.0121,-1.0711,NaN,-2.9501,1.2182,-0.0026973,2
0.16392,NaN,0.75682,-0.56964,1.5956,-0.44169,0.15965,0.2921,1.0615,-1.0817,2
-0.50523,NaN,-0.86904,-0.011108,-0.71153,NaN,-2.5353,-4.5272,-1.3822,2.9107,0
2.3551,2.0689,0.77044,-0.34128,1.258,NaN,NaN,1.4739,NaN,-0.14613,1
3.2705,-2.0332,0.92879,NaN,2.635,0.29588,0.47464,-5.0313,-1.121,2.6503,1
-0.10969,-1.9715,NaN,0.47272,-0.2121,-1.7521,2.5336,-5.9919,NaN,1.6238,0
2.4055,2.4215,-1.2121,0.5977,1.3629,-3.9669,NaN,3.2939,0.42767,-1.688,2
2.0852,-2.124,-2.7754,-0.50798,-4.3191,-1.532,-1.6012,-5.547,-0.081271,1.4002,1
0.42672,-0.74067,NaN,NaN,-0.42691,-0.74912,NaN,0.78888,NaN,-0.24735,2
-2.681,NaN,2.8421,NaN,0.39215,-1.0011,-2.7923,2.0495,0.43494,-1.1925,2
NaN,0.16252,0.31816,1.4959,-0.48009,-0.093931,-1.3538,0.10245,2.0579,0.96502,1
NaN,NaN,0.12974,NaN,-0.01842,-0.46209,-3.8948,2.0076,-1.8827,-1.1429,2
-1.4794,-0.55761,0.50678,1.0445,0.053634,0.88287,0.91722,-0.28648,0.8071,-0.46439,1
1.375,NaN,-2.1614,NaN,0.97507,0.24062,2.5669,0.26616,2.7331,-2.6486,2
2.1783,NaN,NaN,-1.187,NaN,3.2209,NaN,-2.5823,NaN,0.83589,2
-2.4239,NaN,1.6972,-2.4707,0.096317,0.48696,-0.98587,2.7905,NaN,-1.3248,1
NaN,0.5838,2.9736,1.3025,-2.3171,0.12796,-1.6375,-0.027463,NaN,0.42865,2
1.1825,0.81185,1.6426,NaN,-2.5182,1.5265,1.1612,-3.4434,NaN,NaN,0
3.0637,-2.7381,1.0441,0.09705,NaN,0.27727,-4.8747,-2.0768,0.88779,4.2502,1
1.3647,NaN,2.0348,NaN,2.2989,NaN,-2.1935,5.6832,0.41442,-0.81579,1
0.16732,-0.88498,1.2017,-0.17406,NaN,NaN,3.471,-2.3298,NaN,0.84526,2
0.036261,0.84488,2.9695,NaN,2.824,NaN,5.8482,NaN,-0.19626,2.2263,2
0.6165,0.92148,NaN,3.6157,-1.9566,-3.1741,3.5235,-4.4305,NaN,NaN,0
NaN,-1.874,NaN,-0.3764,-1.7204,-0.85673,-1.0622,-0.69176,1.1446,NaN,2
-2.4904,NaN,0.2929,2.2028,NaN,-2.0313,-0.15408,-4.4437,NaN,NaN,0
2.8951,1.0492,0.48612,NaN,-1.5753,-0.65679,0.2988,-3.5388,NaN,-0.59788,1
-0.14991,-3.2745,-3.2319,3.3027,NaN,1.4786,NaN,-8.6931,-1.152,4.0222,0
-3.5567,-0.49805,-0.55772,NaN,-0.22373,-1.0129,0.96343,NaN,1.9128,-0.74311,1
-1.9785,-0.85274,-2.2554,2.8383,NaN,NaN,-0.32314,-5.2374,-1.2472,NaN,0
1.1214,-1.0766,-0.8143,1.4336,1.3784,NaN,NaN,2.1346,1.3219,-1.1582,1
1.4236,0.30617,1.5886,-0.29525,NaN,1.578,2.2633,-3.3464,-2.6375,2.0499,2
NaN,-0.65123,-3.6445,1.3496,0.41506,-0.88274,-0.063969,1.6349,1.2605,-0.96222,2
0.74348,NaN,2.4139,1.4103,-0.36521,1.8699,-1.9728,1.9979,3.1833,-0.16408,1
NaN,0.96968,0.39458,0.71446,-0.10297,1.2978,0.58162,-1.2627,NaN,NaN,0
-0.35758,NaN,-4.6061,-0.23985,-2.7141,-0.41435,0.79017,-1.2174,NaN,-1.5863,0
-1.0653,-0.4449,3.8829,1.9773,3.3475,NaN,NaN,-1.4429,1.591,2.3965,2
-5.7779,-2.664,2.5686,-3.729,-2.7376,0.71171,NaN,2.8269,3.2323,NaN,2
NaN,-0.81052,2.6197,-0.29746,NaN,-0.42163,-4.1994,3.292,0.36519,1.2052,2
4.1071,NaN,3.5144,2.3245,-2.6928,0.74674,-1.1562,-6.4033,NaN,-1.8221,2
1.4377,NaN,-4.3607,0.87871,NaN,0.94066,-0.3198,-0.98747,NaN,-1.2991,2
-4.5487,0.28108,6.2934,1.5511,-4.6019,NaN,NaN,-12.689,-1.3222,5.0494,0
0.28568,-0.87039,3.0927,0.96133,NaN,0.24043,0.78247,-7.4604,-0.8221,2.0032,0
1.3146,-1.5386,2.141,5.342,NaN,-1.9482,-0.042341,-10.15,-3.5854,-1.9796,1
-0.1382,0.97502,4.4643,1.8565,2.2053,NaN,3.3803,-1.8234,-0.6515,0.76848,2
-3.7267,2.5112,0.30064,2.6757,1.0685,-0.45796,NaN,0.80077,2.4992,NaN,0
1.4085,-2.859,-1.9016,0.58995,0.8882,-0.19121,0.47645,0.59158,-0.093627,-2.4805,2
-3.4073,NaN,NaN,0.15449,-2.1992,NaN,-2.3725,-4.936,-0.26877,2.0606,0
-2.1377,-1.5914,0.13883,2.4822,1.224,-1.1441,0.32179,-5.175,NaN,NaN,1
0.70214,0.60313,0.14187,NaN,2.9222,NaN,2.2601,1.8447,1.6015,0.58125,1
0.073901,-2.4351,NaN,2.2848,0.52337,0.72723,-1.9942,-4.185,-1.1046,2.3144,0
-4.3143,-3.0956,0.87702,NaN,-4.8864,0.90892,0.5548,-14.413,0.63009,NaN,0
0.73321,0.35591,0.63673,1.4623,NaN,NaN,-1.1186,4.8319,2.0305,-4.0578,1
0.80674,NaN,-0.23793,-2.4061,NaN,1.4523,0.067063,-2.9141,-2.7741,-2.6257,2
-0.27283,0.39703,-2.0677,0.3378,NaN,0.24178,-1.1443,1.1783,NaN,NaN,0
-2.528,2.0818,1.4551,3.1765,-1.5486,1.777,2.249,-2.7511,2.7941,2.6692,0
NaN,-0.68327,-0.77931,4.8245,NaN,3.5582,-0.35792,-10.837,NaN,NaN,0
-2.4181,-1.8083,NaN,0.331,-2.8264,NaN,-1.3004,-3.5375,-1.4984,-1.576,0
0.57522,0.58582,-0.20591,1.7297,-2.3803,1.1446,NaN,0.38987,0.82961,NaN,1
-1.1591,0.58576,-0.44132,2.1454,NaN,2.892,2.3618,1.6409,1.7704,-0.10264,1
0.43544,0.73866,0.85584,NaN,-1.1609,-0.53173,-0.85003,-1.9428,-0.32996,-0.91208,1
-0.044556,0.32399,2.7007,NaN,-1.2453,-0.94434,NaN,-1.6744,-0.74096,0.69596,0
NaN,-0.29609,-1.2036,-1.0594,-1.0514,4.3897,-0.24194,-3.435,-4,0.12055,2
-0.5068,NaN,0.79112,1.188,-0.057001,2.6254,NaN,1.9116,NaN,1.2817,0
-1.1499,0.55567,1.839,-0.07804,-0.0050671,NaN,1.6045,-1.6222,0.049239,NaN,0
2.0869,0.17905,-0.7876,1.5606,-0.52356,NaN,NaN,-3.7203,NaN,NaN,1
0.80753,NaN,-1.2909,0.99134,0.32,3.3629,-0.77819,-0.33386,0.79724,3.3433,0
NaN,-0.719,3.5146,2.1772,-1.9148,NaN,1.4303,-5.9913,NaN,-2.5878,2
-1.1191,-0.13333,NaN,0.43133,-2.2703,NaN,-1.6325,-3.4343,-1.5458,0.65834,0
0.79038,-0.75076,0.88279,0.16489,-3.5356,NaN,-0.98169,-4.6153,NaN,-1.2402,2
-0.7407,0.40511,0.45157,-1.445,-2.8239,1.71,-0.16879,-1.2652,0.017238,-0.16135,1
-2.7886,-3.0922,3.1538,-3.4958,-0.042932,4.0231,-3.7438,-2.5186,-0.423,NaN,0
-2.2792,-0.79911,-1.974,0.90869,-3.2808,2.567,NaN,-5.9853,NaN,-0.42343,0
0.69019,-1.4289,0.7894,NaN,3.4738,NaN,0.13635,-0.16729,0.75343,1.5571,1
1.5361,NaN,NaN,0.23453,NaN,3.6573,NaN,-3.7165,NaN,-1.1559,2
0.88518,-0.30632,-2.5127,1.683,-4.6127,-0.12522,-0.81635,-4.7816,-1.0325,-1.6588,1
1.2573,NaN,NaN,NaN,-2.5162,NaN,-2.6555,-3.2922,-6.2184,-2.3875,2
1.2731,-0.87344,0.12544,NaN,2.337,-1.9508,3.1144,0.78576,NaN,NaN,2
-0.40092,-3.1935,-1.8733,3.8399,-0.30221,1.5959,NaN,-7.142,-1.2971,NaN,0
-1.5498,-0.8854,1.397,-1.1596,-2.4743,NaN,-0.52392,-2.0377,-0.30081,-0.49444,2
1.1783,-0.65051,3.3961,-0.89043,-2.1725,3.3597,-1.2529,0.10287,2.5383,0.27073,1
-1.8476,-2.6145,-0.82468,2.2376,-2.0155,0.66247,NaN,-6.8315,-0.66638,1.9358,0
NaN,-2.044,-0.71831,-0.32193,-1.9695,1.5771,-2.5266,-3.3717,-0.055421,1.7966,0
1.3182,4.6264,-1.7573,1.8843,1.1757,-3.4693,3.9459,4.4859,NaN,NaN,2
3.1398,0.4573,1.0972,2.4896,0.13353,NaN,-0.61355,-1.5709,NaN,NaN,1
0.83618,1.353,0.93555,2.2046,0.81495,-3.1924,NaN,1.5126,NaN,-1.9881,1
0.57124,-0.028598,1.6009,NaN,1.6389,NaN,1.9764,1.1132,1.7406,0.93753,2
-2.176,-1.9644,-1.3107,-2.9455,-1.0478,NaN,-3.0614,1.1197,-1.5991,-1.6735,2
NaN,NaN,1.8834,1.1969,-0.79644,NaN,3.0605,-3.5615,0.63819,2.1679,0
-0.7649,1.6725,1.734,NaN,2.0302,NaN,NaN,6.7279,NaN,-3.6363,1
0.50708,0.81859,NaN,1.1203,NaN,-1.5528,NaN,-0.17681,NaN,0.12318,2
0.63405,NaN,2.2116,1.2702,-1.1257,-1.5138,NaN,-1.3613,-1.737,-1.459,1
1.2244,-1.8478,2.464,3.8924,5.7204,-2.8064,NaN,1.8454,1.7205,-0.7946,2
-2.8445,-1.8027,NaN,-3.4452,NaN,0.6383,-2.496,1.9456,-1.2116,NaN,0
-1.539,-1.7674,1.144,2.5071,0.78839,NaN,NaN,-4.5542,0.89674,2.4248,2
0.64016,-0.57044,0.70104,NaN,-0.16292,-2.4425,NaN,-0.33892,0.73769,-1.989,1
0.77296,0.16502,-0.62732,NaN,-0.51543,2.7694,1.2034,-3.1989,-4.2289,-0.04492,2
0.60542,-0.74911,1.5728,-0.75013,1.1637,3.7342,-1.8203,2.862,2.8895,1.9989,1
-3.8368,NaN,4.0983,-1.5984,NaN,-1.2967,-0.58384,-3.4001,-0.0098328,NaN,0
NaN,-2.8955,-2.4029,NaN,0.91158,-0.021354,NaN,4.1788,2.1369,-1.591,2
1.2735,NaN,1.1077,0.72284,-0.12281,-2.6543,-1.1361,-1.2957,-1.3072,0.26134,1
-0.17569,-0.46446,-1.4704,NaN,-0.63871,3.8735,-1.296,-6.2733,-3.6393,3.7191,0
2.1828,-0.46933,-0.22489,1.6357,NaN,-0.41565,-0.86368,7.6369,2.4953,-1.9267,2
NaN,-0.77917,-0.96845,0.88435,-2.0917,NaN,-1.7219,-4.4386,-1.5592,NaN,0
1.4268,4.5675,3.5162,NaN,-2.3217,NaN,NaN,1.5021,-2.2611,NaN,1
-3.5278,-1.6508,NaN,-1.8656,-2.134,-0.18635,NaN,0.77585,0.42224,-3.5434,2
0.83455,0.26826,-1.761,0.79618,NaN,0.25446,NaN,-0.45105,-1.902,0.39083,0
-1.1043,-0.022249,2.5774,1.5271,-1.4306,NaN,2.394,-5.6889,0.23628,2.2729,0
1.695,2.2108,-0.1023,0.86725,-3.8945,1.0832,-2.3514,-1.4382,-1.3434,-2.3381,1
-0.50964,NaN,-0.90965,-1.1131,-3.0368,-0.53802,-1.7231,-2.0767,NaN,-1.3624,1
-0.87821,0.5365,-0.79695,-0.46448,-1.7038,-1.264,-1.3745,-0.38341,-0.76406,-1.0223,1
NaN,0.2988,1.4666,-0.41171,-2.4706,-0.30588,-2.9672,-2.059,-0.81871,0.049118,2
-0.13752,-1.1518,2.2401,1.2881,-0.13494,0.5456,-2.9312,0.37718,NaN,0.6302,1
-3.2603,-0.07902,2.3974,0.68601,-1.6705,NaN,-1.4159,-0.51332,0.28686,-1.9894,2
0.94874,0.41463,-1.6351,1.732,0.51478,4.1183,NaN,-1.8018,0.58147,4.6544,0
0.96753,-0.6145,-1.5186,1.0986,1.3627,NaN,-0.55419,-1.5566,NaN,0.45945,0
0.4009,NaN,0.82116,1.3339,NaN,-2.8145,2.3486,1.2554,NaN,1.3914,2
0.50018,-1.6056,-1.2453,1.7112,-0.4826,NaN,NaN,-1.2769,2.2311,-0.1273,2
NaN,0.29124,0.42661,NaN,5.0136,NaN,NaN,1.7205,1.2518,3.2098,1
2.9382,-0.64598,-2.3973,5.5537,5.5695,NaN,-1.3167,1.3057,2.0255,3.8605,1
-1.0517,-0.22487,0.89955,NaN,-1.0422,2.4269,NaN,-1.4981,-0.96891,-0.3361,2
-2.7177,-1.2707,-0.1175,5.5383,-2.6239,-0.30058,NaN,-9.725,-0.52116,NaN,0
0.69226,-3.5998,-1.1739,NaN,-1.4413,1.3731,NaN,-0.89658,-3.6248,-3.1937,2
3.9408,NaN,-7.797,6.8118,-0.42751,NaN,0.18045,-8.561,-3.2126,3.6323,0
-0.61131,-1.6809,NaN,3.0687,NaN,-1.805,4.6498,-3.38,0.77772,1.5207,2
-0.038416,-0.69487,4.8063,1.2516,-3.2814,3.3564,NaN,-8.9635,NaN,NaN,0
-0.075574,-2.0115,3.3087,-2.3604,0.43331,NaN,NaN,NaN,NaN,-0.54312,1
0.86758,1.8671,-0.50063,2.1666,1.3877,-2.2426,3.9642,2.2764,NaN,-1.4393,2
NaN,1.1703,3.5256,-0.10666,NaN,-3.3452,0.6442,2.9794,0.89822,0.61852,0
1.666,NaN,-2.812,0.28906,-0.42299,NaN,0.31797,-0.03707,0.017193,-1.5789,2
-0.52719,0.11942,1.1359,4.1766,NaN,-0.21025,3.3032,1.5398,4.087,0.99363,2
0.36094,-2.2172,NaN,0.010142,-0.4502,0.40671,-2.0384,-2.9693,0.30834,NaN,1
NaN,NaN,-3.9453,5.8354,NaN,-0.069121,0.75571,-9.9758,1.3082,2.5016,0
NaN,-1.124,-3.0764,1.8892,2.5081,0.019774,-1.3837,6.3724,1.7557,-4.1916,2
-3.0365,NaN,NaN,-0.87465,-1.5628,-3.7863,1.1824,-1.5952,0.17094,1.1872,1
NaN,-0.69452,-3.6053,-4.1651,NaN,0.90336,-2.7861,-1.1164,-4.4892,-3.0979,2
2.1482,3.7914,NaN,-0.51016,-0.8566,1.5411,NaN,1.0317,NaN,-0.7358,1
-0.34203,-2.6334,0.55532,1.3647,-0.27167,-0.75418,-1.3809,-2.6443,-0.25568,-0.3844,1
NaN,-0.50272,1.1189,-0.41535,-0.49884,-0.55017,1.2302,-1.8596,-0.5682,0.10161,1
NaN,-1.0457,-0.19358,3.7919,NaN,NaN,1.428,4.8692,2.634,-3.0727,2
-0.62533,-1.2135,2.7438,1.5962,-0.89177,-2.4863,2.9407,-6.897,-0.52064,NaN,0
-0.091913,-0.30418,NaN,2.0305,-0.25414,0.27414,-0.76851,-4.3582,0.87142,3.8985,1
0.95472,NaN,0.72269,NaN,0.6997,-1.7691,-2.0485,NaN,-1.5252,2.0884,1
2.4598,0.39603,-5.0333,-1.4931,1.1177,NaN,-1.0865,0.28547,-4.4026,-0.35712,0
1.8292,0.50732,0.39479,2.3221,-1.6353,-0.023924,-0.74327,-0.52078,0.4066,NaN,1
2.1182,NaN,-0.5009,0.32946,NaN,-1.2537,-0.55175,4.618,0.3231,-0.37912,2
-0.095926,-0.77442,-1.0814,0.37675,0.187,2.0682,-1.2613,-2.1169,-1.5876,1.2482,0
-1.3051,NaN,-0.26555,0.45266,NaN,-1.4762,-0.48605,0.059993,1.4142,-2.8935,1
-0.41814,-0.1265,0.82233,0.83079,NaN,NaN,1.5092,1.0278,0.44909,0.1459,0
NaN,0.27649,0.45418,0.64034,NaN,-3.1921,3.062,-0.68028,-0.25029,0.34089,0
-1.0209,0.14612,-1.0588,2.5561,-1.5017,-0.36275,2.1642,-4.2873,0.091938,0.88504,0
-1.4668,-0.66707,-1.2707,2.1457,-1.6337,-0.47267,-0.51,-2.0977,-0.7008,-2.1589,0
5.1259,NaN,-1.2955,6.062,NaN,0.3038,0.44386,-1.6897,NaN,2.034,1
-1.2528,NaN,-2.4543,1.5313,NaN,1.3191,-0.2318,-6.5736,-2.4781,0.2892,0
3.0918,0.93772,NaN,2.1826,NaN,5.0743,-1.228,6.2727,NaN,3.0062,1
2.8979,-0.036543,0.64819,2.0063,-3.5679,NaN,-2.0565,-3.1754,-0.6875,-2.4163,1
-0.81465,-2.8954,2.317,-1.9675,1.8667,-0.98445,NaN,0.080309,0.2782,NaN,2
1.4458,0.85122,NaN,0.87671,0.62166,0.64196,NaN,1.7862,NaN,0.10836,0
NaN,-0.13875,0.51576,0.84432,NaN,NaN,-2.1802,2.8762,2.1699,3.6912,1
2.9225,NaN,1.2499,2.0478,NaN,NaN,-0.32347,2.6967,1.3122,1.425,1
-2.355,-2.0869,0.79391,-1.6804,-0.6372,3.276,-4.29,-2.1736,-4.4171,-1.369,0
0.22405,-0.74254,-0.11265,2.1176,0.82059,NaN,3.6965,-0.08133,2.1421,-0.89102,2
3.05,-0.40592,1.514,2.9044,1.0695,1.434,1.4944,-2.2722,0.13478,0.61466,1
-0.63484,-0.35668,3.1676,0.28286,0.61986,-3.115,3.3477,NaN,0.18842,NaN,0
-0.9122,2.1225,NaN,0.27661,-1.2511,NaN,0.55176,2.198,2.1187,-0.49278,0
-3.9405,-1.7038,-0.050503,NaN,-1.9298,NaN,-1.1159,1.4222,0.44648,-0.67287,2
NaN,-0.012492,-0.22608,-0.73706,-0.57251,-1.991,-1.9877,1.9638,0.84617,-0.97921,1
1.4096,0.80223,-0.75468,-1.0783,0.78439,-3.5175,NaN,1.9002,NaN,-0.25611,1
-2.0236,NaN,-0.14268,3.8775,NaN,0.42679,NaN,0.2669,1.1807,3.0235,1
2.3399,-0.80823,-0.50381,-0.074733,NaN,-2.4052,1.0313,4.6848,0.20679,-3.6555,2
-0.96364,-0.021574,NaN,NaN,-1.3413,-0.39261,0.18408,-1.5353,NaN,-2.5203,2
-0.20042,-0.43804,4.2005,-2.6283,-1.1876,2.5586,-2.4585,3.0689,3.2441,0.46264,1
NaN,NaN,0.86853,0.5984,-1.5287,-0.53522,0.90077,1.0624,1.8172,0.70478,0
2.1326,-0.33504,2.4135,NaN,3.3433,0.71682,-2.6699,NaN,2.0111,3.654,1
2.2206,-1.3434,4.587,-0.54208,0.38098,1.255,NaN,-0.48996,0.82652,NaN,1
NaN,NaN,-1.0654,NaN,3.695,NaN,1.1051,4.9785,2.3404,-1.9141,2
2.9074,-2.0792,NaN,4.9844,NaN,0.28255,-0.39888,-2.4632,-0.00519,1.5074,1
NaN,-0.87365,0.37574,0.79687,NaN,2.3615,-2.0041,2.1227,1.8583,NaN,1
-2.9394,-4.3551,1.6301,NaN,-1.1012,0.085297,-0.40185,-7.9567,NaN,3.9738,0
-0.92717,-1.2275,NaN,2.9754,NaN,-0.75328,-1.1907,-6.7088,NaN,0.29281,0
1.6854,0.60937,3.1941,0.59287,1.8706,NaN,NaN,NaN,NaN,2.2006,1
NaN,-0.1741,-1.3063,-1.1902,-4.7759,3.0519,-0.019401,-2.1985,-1.2364,-3.0446,2
-1.0635,NaN,4.2261,-2.2417,-0.13643,-0.38679,-3.975,0.7783,0.35528,-1.5477,2
0.89736,-0.68459,0.3723,1.7729,2.5379,NaN,3.0065,0.28941,NaN,0.52275,0
0.72696,-1.0515,1.6097,NaN,4.6702,NaN,-0.21596,4.0119,0.87863,0.69323,2
-1.9873,NaN,1.709,0.85997,NaN,-0.064375,NaN,-2.7603,1.6382,NaN,2
0.7736,NaN,NaN,-0.66488,1.3786,0.44597,-0.41126,7.8781,2.662,-1.7608,0
0.24085,-1.1641,-1.2694,3.589,3.039,NaN,0.67444,NaN,2.38,-0.4022,2
NaN,0.33253,1.7887,1.431,NaN,NaN,-1.0749,3.5656,NaN,-0.034058,1
-0.16264,NaN,0.046062,4.7783,1.5611,0.31536,3.0838,0.50352,NaN,-1.2787,2
-1.0913,NaN,-2.6111,1.0901,-1.8472,0.68143,0.26419,-7.0596,-3.7202,0.96029,0
-1.4763,-1.6207,NaN,-0.0183,-0.63109,0.75427,-0.8906,-0.9299,0.025873,-1.593,2
-0.14723,NaN,-2.8686,1.606,NaN,-0.72254,-0.032713,-3.7562,-1.4824,0.5484,0
2.0973,1.7629,-2.2355,2.3264,2.5826,-0.97337,1.5624,NaN,2.4896,-4.3609,2
2.4381,-3.1853,-0.40423,-0.79432,3.2503,NaN,-0.66195,3.3531,-0.49934,-2.7928,2
NaN,NaN,0.66469,-2.0819,-0.44315,2.5667,-1.8392,0.56988,-0.26033,1.3711,0
1.1233,-0.63856,1.2439,NaN,0.39932,NaN,0.32581,-1.9178,0.00051597,0.17897,0
1.3824,-1.0907,2.6451,-0.61239,-0.19125,0.5558,-3.1111,-0.16293,1.6834,2.2094,1
2.2978,NaN,4.2336,-0.13455,-1.1098,1.7953,-1.9202,2.3145,3.1315,-0.46426,1
-1.2256,1.4999,0.18147,-1.8095,1.056,NaN,NaN,3.6019,0.10021,-1.0064,0
0.11165,-2.9309,-1.2965,-0.94135,1.6543,1.0229,NaN,-0.08607,-0.046499,2.2909,0
0.88681,-0.21602,-0.48998,-0.16004,-0.45618,-3.3343,NaN,-0.8236,0.2993,NaN,2
NaN,3.4179,0.51016,-1.3949,-1.8468,-2.8431,0.4957,1.1158,-0.22893,-0.54262,0
NaN,-0.90037,1.962,-1.0642,1.3441,1.981,-2.2721,1.2479,NaN,-1.2838,2
NaN,NaN,0.10889,-0.80819,-1.2678,0.025935,-3.1936,2.6744,-0.80922,-1.9265,1
-2.1835,-0.074373,-1.829,1.3495,-2.5744,-2.1361,0.39836,NaN,-0.23615,NaN,0
-0.087662,-1.6934,-2.854,-0.32153,-3.1514,-2.0433,NaN,-4.9869,-0.45263,1.9376,1
-0.087818,-0.088856,NaN,1.4174,NaN,-2.819,0.66861,-3.5309,NaN,1.6408,0
-1.3322,0.80586,0.86341,NaN,3.0819,-0.61963,2.3702,0.60034,NaN,NaN,0
0.097376,-3.2752,NaN,0.75752,0.58188,0.010498,-1.8786,-3.2095,-0.47092,1.1078,1
0.10803,-0.12932,1.2496,0.87842,0.02857,0.50473,0.54788,1.2127,1.2694,-1.4806,1
NaN,-1.0204,0.60197,-2.6979,0.81209,0.099903,NaN,0.9767,-1.8411,-0.04906,2
NaN,NaN,4.4487,5.7494,0.32444,NaN,-1.9056,-1.6206,-2.5849,-4.6638,1
NaN,-1.8627,2.7533,1.9093,NaN,-0.073942,-3.3035,-1.2597,0.67298,2.0995,1
1.8537,-1.7678,NaN,1.6162,2.4261,-0.18131,0.12709,NaN,-1.3771,3.1704,1
NaN,-2.7528,NaN,-0.65287,-3.7381,-1.3833,-0.73952,-6.5067,-1.5477,0.31841,1
-0.57601,-3.3894,NaN,2.2508,2.5634,-0.39956,1.8958,2.1187,NaN,-1.1607,2
4.1566,NaN,-1.0489,0.92426,NaN,-5.9398,2.3365,11.744,0.2893,NaN,2
-6.1603,-0.30778,-0.71723,-1.0705,-3.4219,2.6729,-0.11886,2.4542,2.991,NaN,2
0.11508,NaN,-2.6051,NaN,-2.88,0.7702,NaN,-5.4195,0.35756,0.68436,2
0.89791,-0.84345,-0.029223,3.3023,NaN,NaN,-0.27814,-5.5695,-1.0526,NaN,0
NaN,NaN,-0.24626,-3.7742,-0.99735,0.66586,-0.57403,0.80146,-0.29829,0.037833,2
0.1045,-0.23579,2.1823,-0.98257,-4.1176,NaN,0.083598,-5.9854,-0.58187,1.5208,0
NaN,-0.93163,2.6005,0.92312,2.1494,NaN,-2.3478,2.0031,NaN,2.2258,1
2.4109,-0.38663,1.3254,NaN,-0.71048,-3.4389,0.76721,-8.5962,NaN,1.8269,1
-0.8108,NaN,0.76518,-0.72807,NaN,-0.20062,-1.325,1.8832,0.22884,-2.5814,1
0.54274,3.4834,0.56027,2.6678,NaN,3.1123,-0.47969,4.919,NaN,NaN,1
2.3344,-1.9306,-0.23385,NaN,2.7266,1.5504,-1.2836,NaN,1.2204,-0.24016,1
1.9986,1.6942,0.28042,-0.65719,-1.208,-0.67219,-2.7082,1.3471,-0.071083,-0.2862,1
2.9441,2.0635,2.3264,1.103,-3.6015,-1.0619,NaN,-9.522,NaN,1.3134,1
-1.6407,NaN,-0.081515,-4.7021,-3.3228,NaN,-1.6052,-1.0867,-2.2007,-2.5224,2
2.9556,-1.603,1.2539,-0.11019,-0.46348,1.0339,1.433,-1.0298,-0.73293,-2.2999,1
-1.166,2.0428,NaN,0.42064,-1.8583,NaN,0.12305,1.0142,NaN,-0.4523,0
2.2202,NaN,NaN,0.52996,0.074998,-2.4297,NaN,-1.8876,-3.5954,-0.47992,1
1.7534,-0.52039,0.28979,-1.1661,NaN,NaN,-1.2945,3.1204,2.3478,2.0441,1
1.6951,NaN,0.48864,1.4935,2.3471,-0.56903,1.5743,4.2191,3.0358,0.22296,0
NaN,NaN,1.3471,6.3164,5.6677,NaN,4.0516,5.4643,NaN,-1.8315,2
1.9277,3.1294,2.8327,2.2722,-0.11053,-0.20587,NaN,1.8855,-1.133,NaN,1
NaN,NaN,2.0442,1.3708,-4.6042,-2.2257,-1.4967,-9.4768,-1.0834,1.5035,0
0.65827,-0.038293,1.5518,1.8024,1.0672,-0.54569,NaN,-0.041415,1.9344,NaN,1
2.434,NaN,NaN,NaN,-3.4124,0.67779,0.063005,-4.2383,-1.5752,-2.763,1
-3.7214,3.1714,1.5964,1.0999,-2.3362,-0.69824,1.147,-1.4723,1.6558,1.6179,0
NaN,NaN,-1.3623,3.7155,2.217,1.3942,0.14365,-0.17641,0.60796,-0.33388,1
-0.089601,-1.3824,-0.32402,3.2068,0.71698,-1.7606,1.9252,-4.1777,NaN,-0.52693,1
-0.81363,-0.72114,-0.2192,0.56231,-4.9188,1.2563,NaN,-4.1252,-0.83009,-3.5272,2
3.8898,-2.4467,3.0668,0.041502,2.1072,NaN,-2.8415,0.61636,NaN,1.6963,1
-3.3419,6.9921,1.3878,-1.0437,0.1878,0.10067,-1.5739,9.2233,NaN,-0.71993,0
0.98232,-0.11505,3.0697,-0.88242,2.9021,2.7523,-1.3363,6.0528,NaN,0.19873,1
0.08101,-0.53559,0.51424,2.9968,1.5185,-0.16446,-0.080859,-3.2685,0.32639,NaN,1
-2.5076,-2.912,1.6507,-4.9106,1.6189,NaN,-3.5989,2.9136,-1.3288,NaN,2
2.2945,0.81172,-1.0772,0.92371,-2.0029,-1.2035,-1.5042,-1.0815,0.16407,-0.29163,1
-3.2367,-1.5129,3.6343,NaN,-1.1629,-1.5196,NaN,0.54492,1.6394,-1.2668,2
0.91491,-0.12185,0.43177,2.011,-1.9652,-1.0588,-1.6537,-1.357,-0.18184,-2.4035,1
-3.1369,2.1787,-0.87122,2.3494,NaN,-0.20706,1.5355,-2.0875,2.412,1.2718,0
-3.848,3.9034,1.6111,1.5729,-0.023339,0.063546,NaN,1.641,NaN,NaN,0
-1.3842,NaN,1.9773,2.6807,-3.6683,1.4258,NaN,-5.0268,2.6489,2.9386,0
-0.8112,NaN,0.68339,-1.2809,1.4671,NaN,-2.9495,-1.8476,-0.41414,4.1166,0
0.31298,-0.72539,NaN,1.5976,NaN,1.4355,-2.1337,-4.1472,NaN,-1.2056,0
-1.0356,-1.519,-1.3921,NaN,-1.6245,1.7434,-0.057029,-8.7918,-0.98796,NaN,0
NaN,-2.9504,3.9181,-4.7627,0.18877,-0.73411,-1.9332,0.26622,-0.88968,0.173,2
2.593,2.1696,NaN,1.2055,-0.10399,-0.78121,NaN,6.6526,NaN,-5.7317,1
2.486,0.36173,2.222,NaN,0.57149,-0.63196,0.76069,0.50435,NaN,NaN,0
-1.2776,-0.55926,2.2797,1.5606,1.5511,-1.2883,3.7587,-1.374,NaN,1.5081,2
-0.63598,1.0877,-0.99844,0.077983,-2.7262,2.2834,-0.26789,-3.7311,NaN,NaN,2
-1.8781,NaN,3.4593,0.18133,-2.8026,NaN,-0.64326,NaN,-1.0421,1.4959,0
-0.091025,-3.0017,4.2801,-0.58081,-3.5734,0.34889,1.2252,-1.4975,-0.50864,-7.0666,2
-0.85512,1.4968,-0.99808,2.2871,0.60806,-1.2459,1.8276,1.5121,2.5614,0.40263,0
-0.64818,-1.9666,-0.71752,2.2875,0.33044,0.1432,-0.37324,-3.2629,0.82531,2.242,0
0.39606,-0.74581,-2.2313,NaN,0.39728,1.6369,0.66886,-1.2372,-6.1578,-1.1187,2
5.7288,-3.3108,NaN,1.8049,2.2476,1.2226,-1.858,-1.8697,-0.50466,0.8449,1
1.1014,NaN,2.6885,-1.6227,-0.57244,1.85,-2.4541,1.7277,1.8692,-0.2958,1
NaN,-2.7188,-0.67244,2.9019,NaN,2.8734,-1.7065,-1.5292,0.66973,NaN,1
0.053949,NaN,-0.22026,-0.89333,-4.5042,3.1733,-1.6896,-4.3424,-2.5851,-1.9364,2
0.79165,NaN,-1.8163,NaN,1.9013,2.0632,-0.32609,2.7691,3.3961,-1.3769,2
4.0894,NaN,1.6964,3.3664,NaN,2.2203,NaN,2.2977,NaN,NaN,1
NaN,NaN,-1.69,2.9609,-0.5085,NaN,-1.8521,-8.9624,-2.5802,3.0207,0
-1.2425,-1.4131,-2.6059,1.0864,-2.7695,NaN,NaN,-4.1433,NaN,NaN,0
1.7368,NaN,NaN,2.1922,NaN,-1.7581,NaN,-1.869,NaN,-1.4714,2
0.37644,0.49131,2.5315,NaN,-1.1333,NaN,-0.26475,-2.9824,-1.7121,NaN,1
NaN,NaN,-0.56876,1.214,-1.2448,-1.7444,NaN,0.064075,1.8374,0.47991,0
1.9444,-1.2281,-1.2466,NaN,2.4707,-0.62724,0.3197,-2.2111,NaN,NaN,1
NaN,-1.5205,1.0634,3.0308,0.40255,-1.4973,-0.92905,-4.4679,NaN,1.7907,1
-1.5426,0.3134,-0.59007,3.2494,-1.8735,1.5133,-0.44281,-3.4058,2.2162,NaN,0
-1.3227,-1.2549,3.8072,1.6959,0.13311,-0.54737,0.24394,-0.64412,NaN,-0.81777,2
-2.1136,NaN,NaN,0.96298,0.22024,0.63432,NaN,0.18691,NaN,0.68975,0
2.6889,2.7242,0.82198,-1.0435,0.61376,-0.11734,-2.4118,6.3921,1.2996,-1.8528,1
0.83241,1.2288,-0.17944,-2.1121,0.25662,NaN,-2.0031,3.7191,0.20895,-0.627,1
0.048258,-3.5699,-1.2979,0.72432,0.14931,0.77481,NaN,-5.1321,-1.295,1.5953,2
0.054999,2.0184,1.4242,1.9116,-3.4282,0.29799,-0.55563,-8.5209,-5.9196,-0.29861,1
-0.68047,NaN,0.0077969,-0.67372,-2.779,1.9604,-1.7516,-1.859,-2.5669,-0.083784,1
0.18601,4.2826,4.1478,4.6895,2.1299,NaN,-1.905,0.7322,NaN,-1.9494,1
-2.6207,0.082041,2.1218,0.86849,-0.13717,0.82747,-2.3857,4.7156,NaN,-1.8129,1
2.1795,-0.89668,NaN,NaN,2.902,NaN,NaN,0.97056,NaN,0.86328,0
1.6331,NaN,2.2501,NaN,-1.6221,-1.9139,NaN,-5.2267,-4.2055,-0.26879,1
-3.721,4.1366,1.4223,0.12179,-2.4644,-3.1593,-0.22945,0.74608,NaN,1.2208,0
NaN,-0.24392,1.212,2.5538,NaN,-1.3627,2.9517,2.1705,NaN,-0.55648,2
4.4666,-1.7861,1.1867,NaN,2.5088,0.22905,NaN,-4.0615,NaN,4.2871,1
-0.5267,-1.6937,5.6533,2.1827,NaN,-1.339,NaN,-13.233,-0.74597,NaN,0
1.5872,NaN,-2.9183,-0.1644,1.1826,0.02545,NaN,4.6509,0.42904,NaN,2
-1.1737,NaN,NaN,2.8896,-4.6058,3.7723,NaN,-10.418,0.15161,2.591,2
-0.779,-2.2161,-1.1758,0.96976,-0.0084128,1.2626,-0.22956,-0.22569,NaN,NaN,2
1.1424,-0.47311,0.2405,-0.9289,NaN,-0.15826,-0.63649,-0.63264,0.46106,-1.1178,1
-2.0526,-2.3319,0.10716,-1.3255,-0.35498,-0.11716,-3.4002,1.427,NaN,1.1997,0
-1.4307,-2.1066,5.1886,NaN,-2.4893,NaN,0.30827,-11.805,NaN,NaN,0
3.2666,-1.4882,NaN,NaN,2.2959,1.4527,-1.3043,0.27997,0.87636,1.756,1
-4.0543,NaN,2.5227,3.3342,NaN,3.859,NaN,-8.3799,1.472,3.95,0
-2.2271,-0.27817,-2.9075,-2.7704,-1.5396,1.0099,-2.0156,-1.0821,-2.746,0.29661,2
-1.7449,-2.5904,NaN,-0.095209,-0.28977,-1.4039,-2,0.59531,NaN,-1.2119,2
2.0229,NaN,0.12641,1.1948,NaN,-5.1193,0.35863,-4.845,NaN,2.2942,1
3.0835,0.15829,1.0797,4.6039,NaN,2.8514,-0.92559,2.6933,2.9041,2.3489,1
-4.0774,4.5506,-0.048575,1.8274,-4.5676,-0.31069,-0.72068,-0.77,2.9337,1.2322,0
2.0412,0.027918,NaN,1.6258,2.8995,-2.2477,NaN,2.36,0.95513,-0.45785,2
0.39984,0.59112,2.6472,0.82555,-1.0519,NaN,NaN,3.6161,4.0036,-1.3644,1
0.31174,-0.29789,-0.44433,1.0215,NaN,3.3431,-0.67078,-3.8066,NaN,-1.5368,2
NaN,1.0733,-0.54155,1.2836,2.4089,-2.956,NaN,4.0497,1.6472,-1.5529,2
-0.64882,NaN,NaN,4.2105,-2.17,0.96702,-0.28472,-4.9742,NaN,0.86681,0
0.22659,-0.51938,1.015,3.2545,NaN,0.010555,2.2047,1.0206,2.2608,1.2688,2
NaN,-1.0126,1.1768,-1.0688,1.5824,NaN,0.74931,0.53941,-0.024264,0.89605,1
NaN,NaN,-3.3296,-3.0365,-5.0387,NaN,NaN,-0.055435,-1.6764,-3.591,0
-2.7168,NaN,NaN,2.557,-0.62803,-1.3797,NaN,-1.5476,2.1978,2.0315,0
NaN,1.2224,3.6973,2.6571,-0.71797,0.59453,2.1845,-4.1613,1.8255,3.3819,0
-1.0733,-2.1255,-0.1565,-0.20147,-0.94791,-1.1518,NaN,-5.4565,-0.53401,2.3264,2
2.4637,1.8886,0.66443,NaN,-2.2404,NaN,NaN,2.7459,1.0573,-3.0244,1
0.12745,-0.60474,0.48073,2.2587,0.38193,-2.6301,NaN,-0.63345,1.0226,-0.79306,1
0.39252,-0.22054,1.7005,2.4218,-3.709,0.57294,NaN,-4.8109,0.58688,-1.8251,2
NaN,3.8997,0.22562,-0.62262,NaN,-4.7903,3.5343,2.359,NaN,0.48807,2
-2.0502,-3.3567,0.30497,1.9124,-1.351,1.8157,-1.6189,-7.5327,-0.84052,NaN,0
1.9437,-0.82072,NaN,-2.5968,-1.9094,3.3125,-0.83815,NaN,-6.5927,-1.7464,2
-0.11876,NaN,NaN,NaN,-3.0884,2.3364,-0.44853,-2.9426,-2.3895,-2.3832,2
-0.76769,NaN,0.82953,NaN,0.42163,-0.98898,0.84692,NaN,0.52042,1.6972,2
1.0143,2.7131,NaN,0.44396,4.0507,NaN,2.4459,5.3955,1.8692,0.36532,2
-1.4019,0.32168,2.1779,-0.79654,NaN,2.4668,-1.4369,4.6599,3.5068,0.62194,1
-1.772,NaN,-0.1466,4.0694,-1.4999,0.9662,-0.27004,-9.2396,-1.353,NaN,0
-5.5373,NaN,-0.89626,-4.6369,-6.1968,1.6873,NaN,0.97757,-0.48114,-6.2836,2
-1.2902,0.14949,-0.087616,1.5508,-1.4272,NaN,NaN,NaN,NaN,1.6391,0
-0.87243,1.2152,1.5212,3.0101,-4.5172,3.3889,-0.45549,NaN,NaN,NaN,1
3.6881,-0.68404,NaN,NaN,2.8882,NaN,0.31719,NaN,1.1171,1.063,1
2.7799,3.5197,NaN,-1.0556,NaN,2.1737,-1.9005,-4.2384,-3.4475,0.60856,1
-3.3865,NaN,4.9127,-1.1179,-0.13604,NaN,NaN,1.6671,2.6058,-0.59556,2
-0.60188,-0.27889,-0.67171,-0.013438,-0.02162,1.2762,-0.36919,-1.1047,-0.43861,1.1791,0
-1.1862,NaN,1.6647,-0.72211,-0.29105,-3.5921,4.6645,-6.0818,NaN,1.3401,2
0.45704,1.1871,2.1211,-0.24956,-1.4351,NaN,NaN,-1.4429,1.3905,1.5285,0
0.44178,2.9943,-0.47585,NaN,-3.3779,NaN,NaN,-0.99466,NaN,-0.14843,1
0.68573,-3.5694,-1.3973,-0.59822,0.7676,0.97875,-1.1193,2.447,1.835,-1.643,2
-1.1105,2.1183,1.2223,-0.13581,-1.4016,-2.3529,-1.27,0.91826,NaN,-0.22438,0
-1.0792,3.7624,0.18328,1.4221,-1.7057,0.39006,1.2651,2.0389,NaN,1.209,0
0.41608,-0.12256,0.31556,-0.41098,-3.7657,0.70067,0.018994,-4.8458,-0.56758,1.0213,1
-0.76235,-2.1405,NaN,NaN,-4.5671,0.27513,-0.45012,-12.771,-1.7246,3.3673,0
1.619,-0.63489,1.0146,0.49168,-0.62747,4.0923,NaN,-2.8834,-3.8773,NaN,2
4.4275,0.73502,NaN,4.334,-1.207,-2.6729,0.022455,-5.2206,NaN,-0.4151,1
2.2129,-2.7453,NaN,-0.22503,NaN,-1.0733,-0.94237,2.166,NaN,-2.7406,2
0.19194,0.3691,0.17331,2.1555,-1.4848,0.13748,1.6348,-2.709,1.8691,1.4269,0
-0.38894,-1.2492,1.2251,NaN,0.51229,NaN,NaN,-1.379,NaN,NaN,1
0.091169,-2.4899,1.2482,-3.8283,-0.07977,1.2675,-2.4755,-0.12106,-3.7943,-2.238,2
-0.3934,-2.0499,3.8272,-1.8344,-0.22645,NaN,NaN,0.87692,0.89849,-0.22725,1
NaN,2.209,0.82703,0.44847,NaN,1.4934,-1.3256,-0.7566,NaN,NaN,1
-2.4365,NaN,1.6249,0.17416,-2.014,-1.2472,1.8676,-2.931,0.95266,1.919,0
3.3585,1.0397,-4.5568,2.6645,0.9192,NaN,1.4483,NaN,0.57947,-3.1399,2
-0.1708,-0.39257,-0.65984,3.5021,1.6183,NaN,NaN,1.4997,3.1094,-0.7064,2
0.23598,-3.1779,0.60934,-0.8837,0.16628,NaN,1.9404,-0.7735,0.49299,-1.567,2
NaN,NaN,1.2695,NaN,-0.31658,0.5862,-0.7358,-2.366,-0.26816,1.1568,0
3.6835,-0.040223,1.5928,2.1888,2.5657,NaN,NaN,2.7194,1.3608,-1.1858,1
NaN,1.6805,2.8969,NaN,-3.0259,NaN,0.44873,-3.8904,-0.47792,1.7227,0
3.1267,-0.031621,-1.3696,0.73408,-1.5921,-2.8566,NaN,2.7293,0.79913,-3.4836,1
1.1929,-2.6112,NaN,0.21192,-0.49667,-0.60779,1.1969,0.10464,1.3883,-1.8741,2
0.027694,0.44134,2.0374,0.16802,-2.686,-2.2105,NaN,NaN,0.46904,NaN,0
2.3276,-2.3787,0.2207,1.7426,0.55903,0.84306,NaN,-1.7404,1.0051,1.8755,1
1.9341,NaN,0.65122,NaN,-1.8831,-0.85996,NaN,-0.15623,-0.32492,-3.7558,1
-0.55715,-1.0657,1.0942,NaN,-0.69123,-0.076918,-0.96444,-1.8411,0.21719,NaN,1
-2.9336,-1.6801,0.45698,-1.6813,NaN,-0.57145,NaN,0.37513,0.70402,-0.74239,0
0.072704,0.41656,-0.94579,-0.65644,-0.60568,-2.6386,2.4452,-2.1177,-0.38973,1.3027,2
1.0952,1.2447,NaN,2.0311,1.8091,-0.38148,0.79434,NaN,3.4187,-2.2682,2
-0.78703,1.4866,-0.70308,0.62801,-0.49431,-1.4404,4.2045,-2.5107,-0.35272,1.108,2
-4.0869,-0.64454,-0.060261,-2.05,-2.2207,NaN,-1.5516,NaN,0.031794,-1.6001,2
NaN,NaN,1.8149,0.38305,-1.823,1.2615,NaN,-3.0739,0.96458,1.0705,2
-0.50039,2.0488,NaN,NaN,1.6416,0.22689,2.1158,NaN,0.85415,1.825,0
-1.7643,NaN,4.2006,1.6709,-3.4889,NaN,-0.92186,-3.6458,1.6143,2.8226,0
-1.3929,NaN,2.7927,NaN,0.42693,0.31248,-3.9847,1.4557,0.38224,-0.8646,2
-3.074,1.2435,4.6924,2.7696,-3.2276,-0.2642,0.8666,-8.2029,0.28856,3.73,0
NaN,0.67472,0.78271,1.8126,NaN,NaN,-1.261,-4.9112,-2.2898,NaN,1
0.38999,0.19957,1.0521,0.34513,-1.8808,-1.676,-2.0179,-0.7982,NaN,-2.0176,1
NaN,-1.3109,2.3229,2.6158,1.7808,2.5544,-0.78774,-0.85851,1.3106,1.4561,1
-2.0969,NaN,-2.6843,2.5357,NaN,-1.5573,1.0041,-1.6239,NaN,-0.15198,0
NaN,-1.5607,-3.3067,NaN,0.096776,NaN,-1.1108,-5.2093,-4.057,1.2663,0
NaN,2.9004,2.021,-0.19851,-0.77673,NaN,1.7946,0.22963,1.0443,1.1291,0
-0.96371,-2.4527,0.08811,-0.50757,-1.2322,NaN,NaN,0.69322,-1.5082,NaN,2
1.4488,1.5237,3.7321,2.8278,1.3192,-1.6643,-0.29205,1.7539,0.64364,NaN,1
-0.77842,1.2078,1.9441,0.35758,-0.2818,-3.9149,-0.24665,-0.46412,0.4346,0.55664,0
-0.66204,NaN,NaN,2.5345,NaN,-1.7918,NaN,1.8737,3.1627,-0.6024,2
0.58795,-2.5578,-3.6319,6.4722,-0.63926,2.4404,NaN,NaN,-4.3903,5.7414,0
2.3974,0.37099,1.8902,1.7947,NaN,2.0422,-1.8858,3.7915,2.7134,NaN,1
NaN,0.020684,0.45506,1.6264,2.0054,3.6381,NaN,0.84139,1.5936,1.723,1
-0.50366,-3.9152,NaN,-5.0136,NaN,1.9981,-3.055,0.022578,-2.5151,-2.2827,2
NaN,NaN,-1.8712,2.6969,0.50349,-0.28257,1.6849,0.30481,2.3248,-0.83901,2
NaN,NaN,-0.78992,NaN,1.5915,NaN,NaN,2.8791,0.63408,-1.4633,2
4.4413,3.5949,5.1134,4.2354,-0.76878,-1.392,-1.7034,-1.9532,NaN,NaN,1
-1.5693,-0.88073,-0.16957,-2.0163,NaN,NaN,-2.7726,-0.9202,-2.7871,-1.052,2
2.0767,-1.3978,3.9101,0.70402,1.5757,0.39722,NaN,NaN,NaN,0.56792,2
0.32073,-0.69104,NaN,NaN,0.66761,-0.25897,-1.3093,-0.72057,1.1531,0.74615,1
-2.4373,-0.46314,1.7667,NaN,-2.5036,1.2232,0.48829,NaN,0.9526,0.26828,1
0.4913,-1.6731,1.4499,-1.7338,1.3193,3.5444,NaN,2.5619,0.44295,-1.8116,1
-1.5018,-0.90513,0.25853,2.9451,-0.90725,-2.6238,2.4707,-5.3369,0.52889,1.4572,0
-0.66403,1.243,NaN,1.5795,NaN,2.212,NaN,-4.1881,NaN,2.429,0
0.80456,4.2173,-0.94937,3.3853,0.91933,NaN,5.1227,1.6989,1.8563,-0.61724,2
NaN,-0.91857,2.0043,-1.186,0.38724,0.82707,-4.7569,3.3322,NaN,1.7689,1
0.19423,-1.9668,0.32333,2.1222,NaN,1.4146,1.9554,-1.8605,-0.49378,-2.2321,1
-2.7442,NaN,1.3433,NaN,-2.2606,1.8307,-0.59257,-5.2202,0.351,3.0458,0
-3.923,0.078866,2.8649,2.1623,2.0433,-1.789,NaN,-3.8178,0.21089,2.872,0
-3.5693,0.7898,0.65316,NaN,-3.3684,NaN,NaN,-6.7882,NaN,2.4849,0
NaN,NaN,2.2027,0.3092,4.1361,-1.9793,NaN,2.6563,0.80254,-1.7227,2
-3.1428,-4.8332,NaN,1.2188,-2.4226,NaN,-0.092706,-6.7091,-3.3125,-3.6817,0
0.59389,1.9693,2.5615,-0.0874,0.79,-0.29323,-1.1014,7.271,2.5993,NaN,1
0.50824,1.0093,-0.48823,-1.8126,-0.56118,-1.2188,-2.7101,4.2667,-0.25792,NaN,1
-0.096369,3.1832,NaN,2.4108,NaN,-3.6423,NaN,2.2029,0.92795,0.56429,2
2.8543,-0.65701,NaN,-0.45323,-0.21681,2.1019,NaN,2.9133,NaN,-1.4881,1
NaN,NaN,1.9858,1.906,NaN,0.59846,-2.8321,-5.1094,NaN,2.376,0
0.64224,-0.3962,-0.62463,0.48416,-2.7383,0.73609,NaN,-1.9741,0.68905,-1.0412,1
NaN,0.047443,0.41063,NaN,-2.7787,NaN,NaN,-2.9476,-0.45975,1.1583,0
NaN,NaN,-3.8393,1.21,0.29722,-1.9733,-1.0043,8.3918,3.2187,-2.5427,0
-0.69152,NaN,-2.9638,0.046633,NaN,-0.056698,-2.0938,-4.2674,NaN,-1.3964,0
-1.7143,0.57983,-0.83588,NaN,-0.34745,-1.4988,0.40287,-2.7498,0.64186,1.398,1
NaN,-0.35816,-1.529,3.3591,NaN,NaN,0.051221,-0.99375,-2.0419,0.18397,0
0.42974,-0.12497,NaN,0.52346,-4.4617,NaN,0.60254,-3.9035,-3.0134,-4.0159,2
0.042965,0.40589,-2.0594,0.43073,-0.67441,NaN,-0.35334,-1.9872,-1.3447,1.0152,0
3.0844,-2.3287,NaN,-0.03691,1.1277,1.1529,NaN,0.82396,1.9895,1.5163,1
-2.3873,NaN,-2.8032,-0.020567,-3.6507,0.37867,-1.7711,-6.3437,-5.1014,-2.0885,0
2.7958,-2.7583,0.96246,0.78887,-3.0042,-1.273,NaN,-7.6527,-0.14909,1.6974,0
1.1284,1.3849,1.3592,-0.034069,0.88534,-2.5757,NaN,3.4789,1.0816,-0.53596,1
1.7526,3.2172,NaN,NaN,1.3301,NaN,NaN,2.3146,NaN,-1.9657,1
-3.9129,NaN,-1.423,-3.1956,-3.071,1.5204,NaN,0.97063,-3.7365,NaN,2
-1.8729,-1.449,NaN,-1.1577,-1.5249,1.0876,-2.4188,-2.7257,NaN,0.32576,0
0.084757,-1.1634,0.20782,1.6542,0.41239,3.2781,-1.4676,-3.2053,0.32015,NaN,0
2.7032,-1.4449,-0.074907,2.526,NaN,1.6792,-0.56407,-3.0274,-0.036107,NaN,1
-2.9824,NaN,1.2785,-0.90547,NaN,1.1122,NaN,-0.97919,NaN,0.8883,0
0.17542,-1.348,NaN,3.2894,NaN,-2.755,5.1069,-0.00096798,1.5392,-0.68455,2
1.884,-0.032372,-4.5734,0.12025,-2.1167,-0.69004,-0.11421,-0.76986,-0.082582,-0.72408,2
NaN,-0.27258,NaN,3.7753,-0.42398,-0.70436,1.1877,2.62,NaN,NaN,2
-1.7615,NaN,NaN,-7.3278,-1.0603,0.91706,-5.0417,1.4168,-5.7127,-2.3999,2
0.4475,-1.5042,-0.060428,NaN,1.5113,NaN,NaN,1.312,1.3097,4.3612,0
1.0561,-1.4935,0.24747,1.424,1.1446,-0.3502,0.01521,-2.3075,-0.59432,1.0646,1
2.4937,2.4378,3.5522,3.8538,-0.68572,NaN,-0.27986,-3.1465,-1.8388,-1.2717,1
-1.4992,-0.21684,-0.0019151,1.8826,NaN,4.7908,-0.683,-2.2649,0.1128,NaN,2
2.298,0.48732,-1.9986,0.82168,0.30098,-2.5257,NaN,2.5547,NaN,-2.7484,2
-4.0109,-1.8133,NaN,-4.0617,-1.5529,2.308,-2.6725,1.7379,NaN,-2.1673,2
-0.45394,-0.9515,3.0111,2.7393,-1.3907,0.017078,NaN,NaN,NaN,NaN,0
-0.6549,0.18797,1.5424,NaN,0.65773,0.85165,NaN,-2.5975,NaN,1.6375,0
2.4447,NaN,-2.1974,0.01733,1.3859,-1.754,-0.60326,6.5807,NaN,NaN,2
1.3703,-0.40783,0.939,1.1596,-1.4594,-0.5659,-0.35411,-2.7022,NaN,NaN,0
NaN,NaN,-0.79513,2.4564,3.1128,NaN,-0.87367,2.129,1.8032,1.2521,1
-4.0314,3.9661,-1.8446,2.3627,0.6304,0.91559,0.75948,NaN,2.9394,-0.73336,0
-0.27637,-0.84571,-1.9721,-2.9026,-0.058661,0.81114,NaN,-0.33875,NaN,0.48318,0
-0.13951,-0.34769,-0.48645,3.5352,-0.23502,1.5177,NaN,-4.5251,NaN,NaN,0
-1.5174,-2.2048,-1.6685,NaN,-1.3653,0.91884,-0.76168,-8.3527,-1.9794,NaN,0
-0.93218,NaN,2.1648,-0.93793,NaN,3.0795,-2.309,0.52639,-0.49082,0.91204,2
-1.011,0.31087,-1.3219,1.3201,-1.3905,NaN,-1.7305,-1.396,-0.94642,-0.60549,0
NaN,-1.5149,-3.7419,-8.0667,1.6178,NaN,-2.771,2.8454,-5.2214,0.76343,2
1.7162,NaN,0.83902,1.6913,2.1168,2.3554,NaN,3.1408,NaN,1.1822,1
NaN,NaN,3.2057,NaN,-2.3406,-1.2519,NaN,3.3759,1.2884,-0.1012,0
0.89556,-0.30687,1.1473,3.1872,4.832,NaN,NaN,5.1959,3.1914,-1.7201,2
1.3761,-1.5451,-0.19309,2.2187,-0.94383,3.8403,NaN,NaN,0.64751,NaN,1
-0.19762,NaN,0.36734,1.3073,0.42449,NaN,2.3286,-1.327,1.1991,3.1054,0
-1.2681,-0.45668,NaN,1.7933,-3.0696,NaN,-0.34414,-2.4999,0.27501,-2.3868,2
NaN,2.8135,0.16191,-1.3885,NaN,-0.48056,-0.37242,8.2302,2.3135,NaN,0
-1.1205,-2.8437,NaN,5.488,NaN,-2.9245,0.46575,-5.5838,1.2991,-0.71299,0
1.1048,-0.22686,0.45609,-0.45177,NaN,0.26188,0.94242,-2.9058,0.14476,0.33861,0
1.1458,-6.289,-2.1862,1.4121,-1.0779,NaN,-0.376,-2.4405,2.2514,-1.3577,2
-2.0149,-2.0622,0.59043,2.6266,-2.11,0.0042874,-0.39804,-4.4796,NaN,-0.85732,0
2.8484,-1.239,2.6141,-0.042605,2.1163,NaN,-0.77495,2.5347,2.2203,1.2292,1
0.094458,-0.50638,0.48728,-1.9675,NaN,-1.9932,1.3538,-1.9249,NaN,1.7069,2
-1.4446,-1.3245,1.6167,-0.95877,0.041073,3.6677,NaN,0.18194,-0.62214,-0.39892,2
1.4241,-1.5907,-3.1389,4.0708,0.52514,0.33932,-1.0197,-2.4166,-1.5094,-1.5975,0
NaN,NaN,-0.80417,-1.1462,NaN,0.82845,-2.9637,-0.50459,-0.25524,0.30269,0
1.4083,-1.1595,0.75014,0.29635,3.058,NaN,NaN,-2.5984,-2.3944,1.2559,2
1.8303,NaN,-0.11137,3.4394,1.1344,NaN,1.2402,-0.58317,1.7842,-2.2907,1
0.026681,-0.096011,-1.2078,-4.0296,NaN,NaN,-3.1534,1.1348,-0.70702,4.2752,0
-0.68687,-0.65065,-1.5582,-2.3314,-6.4236,NaN,-2.0053,NaN,-1.6154,0.093465,1
-1.0109,0.21855,-0.78198,0.44216,-1.8332,-5.6583,NaN,-2.3459,0.73194,0.2018,0
0.88458,-3.0292,-2.0798,0.80991,-0.52318,0.34774,0.42417,-1.0715,1.6808,-0.27598,2
-1.9028,-3.6805,-3.0606,5.0216,NaN,-0.32139,NaN,-11.714,NaN,0.11765,0
NaN,-0.085703,1.7252,1.4686,0.25305,1.1767,-1.8773,1.9063,NaN,0.70307,1
0.49192,NaN,0.63862,2.2089,NaN,NaN,2.05,2.8656,2.8609,0.76328,0
0.37014,-0.11689,-1.121,0.75533,0.61557,NaN,NaN,-2.0235,-0.94554,0.37897,2
-0.23496,-1.5093,1.021,1.1646,0.84055,3.344,NaN,-1.2007,1.2741,2.1458,1
-0.9352,-3.98,-1.4889,0.43549,-0.7251,NaN,-3.2607,-4.6278,NaN,1.5334,0
-0.68801,NaN,1.6743,-1.9236,-0.30507,-0.47365,-1.5436,0.94579,NaN,0.69272,1
3.5999,2.0935,0.013002,3.4799,NaN,NaN,-1.9417,-6.2238,NaN,-1.2734,1
NaN,-1.1682,NaN,0.54778,NaN,-1.1359,-1.9718,0.69104,NaN,2.1651,2
0.044121,-1.1762,-1.0696,0.01247,NaN,2.6055,-1.0379,-4.3215,-2.1682,3.3208,0
0.72771,1.8807,0.41174,-2.8165,-0.27925,-3.2111,NaN,NaN,NaN,0.85056,1
-0.14278,-3.2858,-2.65,2.9057,-1.226,NaN,-2.6171,NaN,-2.908,NaN,0
-0.88455,NaN,5.4466,0.62057,-1.5573,NaN,0.55654,-2.987,1.1057,3.232,0
-1.3911,1.6983,-0.3388,0.4924,NaN,2.6595,-1.2193,-0.30973,NaN,-1.6422,0
NaN,-1.1907,3.4574,-1.7132,-1.9512,0.67535,-1.1788,-1.0675,0.83128,-0.054541,1
0.94732,NaN,-2.7978,0.60192,0.69821,0.72834,-3.1136,-1.272,-0.58239,0.70327,0
-0.59736,-2.4689,2.0643,0.50281,0.52876,NaN,NaN,-2.3276,-1.0368,-0.64041,1
-4.828,1.4735,0.30364,1.8693,-7.8058,-2.7705,-2.1151,-9.3202,NaN,1.3639,0
-0.49749,NaN,NaN,3.6831,-0.5602,0.16406,0.62841,0.35052,NaN,0.054313,0
NaN,NaN,-1.1771,1.0368,-3.0251,NaN,0.79628,-2.3562,NaN,-2.5871,2
2.8002,-0.3525,2.0298,1.7516,1.1513,NaN,-3.1903,NaN,NaN,NaN,1
-1.9043,-3.3415,-0.23902,NaN,-0.28733,1.1726,1.7682,-3.5401,NaN,1.2875,2
2.8889,-0.15939,0.82895,1.4895,-2.8264,2.3787,NaN,-6.6715,NaN,-1.1318,2
0.92843,-2.51,NaN,NaN,2.091,2.4113,-4.4952,0.49493,-0.5462,3.002,0
-0.28395,-3.3732,NaN,1.7915,1.7127,1.782,NaN,0.096836,NaN,0.44696,2
-1.194,NaN,-1.5027,-0.047234,NaN,-1.7869,-1.1847,4.9441,2.6415,NaN,0
2.2196,1.7508,1.7973,2.4843,5.9345,-2.4262,NaN,NaN,2.671,NaN,2
-4.0005,3.8173,-0.57144,NaN,1.0008,-3.1098,1.0754,5.065,NaN,-0.6448,0
-1.381,NaN,NaN,0.056687,1.537,NaN,-2.1505,-2.3126,-0.26124,2.5245,0
3.9567,NaN,-1.4921,-0.38954,NaN,-3.8416,-0.21032,2.1159,NaN,-3.4211,2
-1.6425,2.3785,1.7714,-1.4738,-0.99091,NaN,0.15427,1.1583,0.3846,-0.094701,0
NaN,-0.98507,-0.85071,1.7125,-2.7161,0.11439,-0.50684,-5.1656,NaN,NaN,0
0.69446,NaN,NaN,3.9159,1.346,0.781,1.3583,0.97643,4.2699,-0.13262,2
-2.9223,0.34492,-1.2956,-1.246,-1.5676,NaN,-1.6931,-0.21176,NaN,-0.62328,2
NaN,-1.8149,-1.0889,NaN,-3.5295,-0.27345,-1.1372,-5.7435,0.70365,1.0371,0
NaN,NaN,2.5708,0.62355,NaN,NaN,0.3392,-1.5341,-0.083131,-1.5897,1
1.6202,-0.52726,-1.2065,1.0128,-2.7926,-1.3964,NaN,-0.21919,0.80197,-1.902,1
NaN,NaN,3.9383,-2.7573,NaN,NaN,-2.0122,-2.6421,-1.5703,0.28968,0
0.14617,-2.3401,NaN,1.303,1.4611,1.896,-0.96373,3.8753,3.0677,-1.5642,2
-3.4746,NaN,-0.14931,-1.9447,-1.9358,NaN,-3.3678,0.81524,-0.44522,-1.3576,2
-3.4216,0.22352,NaN,-2.7278,-1.1098,2.0957,-1.6472,0.97492,NaN,2.0113,0
1.0598,0.029505,1.3684,1.0997,-0.14579,NaN,1.1924,-1.5333,1.0896,NaN,0
0.092778,-2.0653,-2.1042,1.8714,-0.038572,NaN,-2.7574,NaN,-2.3737,5.4161,0
-1.2845,NaN,4.0477,0.76806,0.68229,-0.62783,5.4271,-4.5113,0.92399,NaN,0
-2.0231,-3.0864,0.58974,NaN,-1.8086,NaN,NaN,0.8844,0.16325,-2.3573,2
1.625,-1.6272,0.95277,-0.14127,0.82987,NaN,-0.23994,NaN,NaN,0.28441,2
3.0792,-2.6639,6.6297,0.33089,NaN,1.3402,-1.8269,-2.4548,NaN,2.4162,2
0.70191,-0.45947,0.26118,-0.69622,1.0368,NaN,-1.3783,NaN,NaN,-0.4321,2
2.371,2.2788,NaN,2.3387,NaN,-1.8378,NaN,6.2669,1.2558,-3.1042,2
NaN,-1.1192,-1.661,NaN,-0.89425,-0.60505,-1.9165,0.10684,-3.1974,-3.4608,0
-0.69992,0.32358,2.405,1.2783,NaN,-1.008,-1.5492,0.024681,1.6107,2.2312,1
0.33704,-0.70609,NaN,2.1122,0.51044,NaN,2.5887,NaN,0.6236,0.56786,2
-1.4616,-2.3538,2.9481,-1.69,-2.8119,1.8589,0.56381,-1.4286,1.1055,-1.875,2
0.51825,NaN,3.7012,2.0932,-1.5873,2.0996,1.7991,-3.7615,NaN,-0.48261,1
-0.79646,-0.22107,-0.053848,NaN,-2.8907,NaN,2.1551,-3.296,-1.0891,-0.64884,2
1.1294,NaN,-4.1906,1.334,-0.24755,-8.4327e-05,0.59101,-1.7159,-2.6749,-0.61142,0
2.4673,-2.2563,1.5501,2.203,3.9963,NaN,-3.2883,2.6099,3.0046,NaN,1
0.27019,0.01234,NaN,-0.12895,-2.943,-1.0982,NaN,-2.9387,-0.624,0.089678,1
NaN,-2.1273,-1.3437,1.986,NaN,0.6336,-1.565,-6.2407,-4.5127,-3.2794,0
3.108,NaN,0.61575,1.4977,NaN,2.5198,NaN,-0.61373,0.76275,1.4473,1
-2.9743,-1.9804,2.3612,NaN,0.25548,0.019329,NaN,2.2137,1.2483,1.9862,1
NaN,NaN,-2.9479,-4.6645,NaN,1.983,-5.2387,1.7209,-2.0946,-3.0178,2
-0.0066525,0.20694,1.068,0.91813,-0.90796,-1.1,0.13486,-1.8303,NaN,0.45316,0
-2.3354,-1.7095,4.6712,-2.0281,2.0542,-0.66652,-0.3679,1.4537,2.4955,NaN,2
0.54994,-0.18837,-2.4536,0.50359,NaN,NaN,-1.8341,-3.6491,NaN,-4.7024,2
-1.1268,0.58986,NaN,-0.3348,-0.25294,NaN,NaN,3.9109,NaN,0.57502,1
1.7774,0.53969,-1.8438,3.6994,1.2396,NaN,NaN,0.85794,NaN,-0.82103,2
-1.1501,NaN,0.8956,-0.024129,0.8697,-3.2506,NaN,3.9287,NaN,-0.2064,0
-0.40426,2.4353,NaN,4.195,NaN,-0.20296,0.92009,-11.948,NaN,-0.80103,1
-0.2483,-1.1473,0.667,-1.2348,2.1055,2.9739,-3.6031,1.7819,-1.1364,0.95906,0
-0.53641,-1.0028,2.4515,0.22406,1.5452,2.7362,NaN,4.2645,NaN,0.23339,1
3.6984,-1.061,-3.1852,2.3175,0.97157,0.081329,0.11907,3.2102,NaN,NaN,2
-0.81057,-3.0817,NaN,1.5904,0.61303,NaN,-3.5694,-2.3846,0.98209,2.7146,0
-2.1575,NaN,NaN,1.7344,-0.76356,-1.3753,NaN,-3.4264,0.46637,1.963,0
-3.2714,NaN,2.9619,-1.6589,-3.2996,-1.8659,0.75433,-1.1832,0.96204,NaN,0
0.06396,NaN,-0.52201,1.2345,1.3938,2.6273,NaN,-3.0581,0.39635,4.6524,0
0.26603,1.1099,1.9101,2.3579,-1.0171,NaN,-0.26443,-2.6421,NaN,-1.3895,1
-0.85939,-0.85017,0.3728,NaN,0.055839,-0.082438,0.23807,NaN,4.0754,-5.5832,1
-0.2198,-0.68925,1.7831,0.45407,0.63861,NaN,NaN,1.03,2.3912,1.9956,1
-0.30362,NaN,1.0736,1.9003,3.1081,0.75528,0.60421,1.4958,1.7152,NaN,1
1.6305,0.12146,-0.76977,1.89,1.8712,-3.092,1.4111,NaN,2.5736,-1.0889,2
1.003,NaN,1.6729,1.0068,1.0933,1.4462,-0.84646,-0.9116,0.06311,-0.98853,1
NaN,-1.4771,1.2203,2.2126,-1.1826,NaN,-0.21678,-5.7171,0.16012,2.8409,0
NaN,NaN,-1.3672,3.5496,NaN,NaN,2.4967,3.1832,1.7835,-0.99179,2
1.5845,NaN,2.5237,0.31255,0.90542,0.8414,-2.2371,0.094048,1.1724,0.98914,1
-0.91578,0.65733,2.6586,1.7924,2.2308,0.36757,0.1902,NaN,5.0028,NaN,1
0.23046,-0.89037,-0.4433,0.28662,-0.26503,-1.3685,-1.9294,3.1855,1.5397,NaN,1
-1.4403,2.2048,NaN,0.82205,NaN,-1.8297,0.51565,-2.2065,1.0405,2.0349,0
-3.8375,NaN,-0.67565,2.7722,NaN,-1.0164,1.4621,-1.0728,3.3744,1.6047,0
-1.3385,NaN,0.8977,1.6449,0.7146,0.98057,-1.7792,-0.24228,1.8732,1.8605,1
3.7358,-1.8557,0.088356,NaN,-1.2041,-6.0155,NaN,-6.7398,NaN,-0.67226,1
NaN,-3.1203,-0.96691,NaN,2.4368,-0.40295,NaN,1.8892,2.6929,-2.7162,2
0.81321,1.7965,0.29425,-0.36134,0.61816,NaN,-1.9441,-1.9357,-2.8894,2.0157,1
NaN,0.21805,-3.574,-3.2223,1.1626,NaN,-7.2482,1.2003,-7.0049,-0.43865,2
-1.1646,NaN,-2.1261,1.8955,NaN,1.0364,-1.1077,-4.8842,-1.0863,0.28141,0
2.3013,-1.0071,-4.5638,2.3758,1.8618,1.522,0.3277,-5.5693,NaN,1.9667,0
1.0908,-1.4272,-0.8113,3.0674,3.3478,-0.36435,0.78296,3.1224,NaN,-0.70341,2
0.18133,-1.201,0.53795,2.4793,1.1492,NaN,NaN,0.56206,2.816,-0.39489,2
NaN,-2.2537,NaN,0.55667,-1.1666,2.9955,-1.8075,-5.2993,1.244,NaN,0
1.0884,2.0534,-2.489,-0.31334,0.25997,-0.26284,0.19431,NaN,NaN,NaN,0
-1.8335,-0.18659,-1.3969,1.1252,-2.7322,-1.241,1.3346,-3.7728,0.43548,0.3705,0
1.7318,-0.3554,-2.808,1.8529,-2.9628,0.19573,-0.36017,-1.6164,1.5534,-0.90654,0
-1.1728,1.0539,-0.76617,0.7502,NaN,-6.1703,-0.58343,3.2717,0.49937,1.0056,1
0.70188,2.8323,NaN,1.7563,NaN,-3.5017,3.9617,-4.1414,-1.9724,NaN,2
NaN,0.59488,-2.208,-0.78662,-0.12862,-3.1081,-2.3413,3.5355,NaN,-2.0906,1
1.0086,2.3155,2.2167,2.8,-0.64304,-0.54497,-0.11744,-1.9808,NaN,-2.3118,1
0.25272,0.29906,0.059966,2.7136,2.424,NaN,-0.43115,0.67053,1.7493,NaN,1
-0.21848,-2.3518,NaN,0.97802,-2.6352,-2.3493,4.0292,-10.948,-0.40695,4.2463,0
-1.1804,-0.64979,1.6265,NaN,-0.81241,NaN,0.62125,-1.7772,-1.0587,-0.1276,2
-1.7153,-1.3856,0.27902,-2.9294,-0.079979,0.7738,-3.0337,0.17026,-3.277,-1.3738,2
-0.54608,NaN,-1.0946,-4.362,0.31397,1.7269,NaN,-0.041165,NaN,0.42726,2
NaN,-0.34225,0.71812,NaN,-2.9097,-0.23701,NaN,-4.1019,-1.2091,-0.90346,1
1.7352,0.27537,-1.532,-1.0852,-0.099949,NaN,1.0321,-3.031,-5.9293,-1.5228,2
2.5896,-1.9191,-1.3903,-1.0907,0.93767,-1.7557,0.0986,1.6388,-0.20311,-1.7662,2
